Branch_ID,Branch_NM,Country_Name
BR0001,AC Cars Motors,Afghanistan
BR0011,Acura Motors,Akrotiri and Dhekelia(UK)
BR0021,Aixam-Mega (including Arola) Motors,Åland Islands(Finland)
BR0031,Alfa Romeo Motors,Albania
BR0041,Alpine Motors,Algeria
BR0051,Alvis Motors,American Samoa(US)
BR0061,"AMC, Eagle Motors",Andorra
BR0071,Anadol Motors,Angola
BR0081,Ariel Motors,Anguilla(UK)
BR0091,ARO Motors,Antigua and Barbuda
BR0101,Artega Motors,Argentina
BR0111,Asia Motors Motors,Armenia
BR0121,Aston Martin Motors,Artsakh
BR0131,Audi Motors,Aruba(Netherlands)
BR0141,Autobianchi Motors,Australia
BR0151,Auto-Union Motors,Austria
BR0161,Auverland Motors,Azerbaijan
BR0171,Bentley Motors,Bahamas
BR0181,Bitter Motors,Bahrain
BR0191,BMW Motors,Bangladesh
BR0201,Bond Motors,Barbados
BR0211,Borgward (including Goliath and Lloyd) Motors,Belarus
BR0221,Bristol Motors,Belgium
BR0231,British Leyland Motors,Belize
BR0241,Austin-Healey Motors,Benin
BR0251,"Austin, Rover Motors",Bermuda(UK)
BR0261,Bugatti Motors,Bhutan
BR0271,Buick Motors,Bolivia
BR0281,Bytom Motors,Bosnia and Herzegovina
BR0291,Cadillac Motors,Botswana
BR0301,Caterham Motors,Brazil
BR0311,Checker Motors,Brunei
BR0321,Chevrolet Motors,Bulgaria
BR0331,Chevrolet India Motors,Burkina Faso
BR0341,Chrysler Motors,Burundi
BR0351,Chrysler Europe Motors,Cambodia
BR0361,Citroën Motors,Cameroon
BR0371,Cizeta-Moroder Motors,Canada
BR0381,Dacia Motors,Cape Verde
BR0391,"Daewoo, Saehan, Chevrolet Korea Motors",Cayman Islands(UK)
BR0401,DAF Motors,Central African Republic
BR0411,Daihatsu Motors,Chad
BR0421,Daimler Motors,Chile
BR0431,Datsun Motors,"China, People's Republic of"
BR0441,Delahaye Motors,Christmas Island(Australia)
BR0451,DeLorean Motors,Cocos (Keeling) Islands(Australia)
BR0461,DeSoto Motors,Colombia
BR0471,De Tomaso Motors,Comoros
BR0481,Dodge Motors,"Congo, Democratic Republic of the"
BR0491,Donkervoort Motors,"Congo, Republic of the"
BR0501,Edsel Motors,Cook Islands(New Zealand)
BR0511,e.GO Mobile Motors,Costa Rica
BR0521,Eicher Polaris Motors,Côte d'Ivoire
BR0531,Elva Motors,Croatia
BR0541,Facel Vega Motors,Cuba
BR0551,Ferrari Motors,Curaçao(Netherlands)
BR0561,Fiat Motors,Cyprus
BR0571,Fiat do Brasil Motors,Czech Republic
BR0581,Fiat India Motors,Denmark
BR0591,"Fisker, Karma Motors",Djibouti
BR0601,Ford America Motors,Dominica
BR0611,Ford Australia Motors,Dominican Republic
BR0621,Ford do Brasil Motors,East Timor
BR0631,Ford Europe Motors,Ecuador
BR0641,Ford India Motors,Egypt
BR0651,Freightliner Motors,El Salvador
BR0661,FSO Motors,Equatorial Guinea
BR0671,GAZ Motors,Eritrea
BR0681,Geo Motors,Estonia
BR0691,Gilbern Motors,Eswatini
BR0701,Ginetta Motors,Ethiopia
BR0711,Glas Motors,Falkland Islands(UK)
BR0721,GMC Motors,Faroe Islands(Denmark)
BR0731,GTA Spano Motors,Fiji
BR0741,Gumpert Motors,Finland
BR0751,Healey Motors,France
BR0761,Heinkel Motors,French Guiana(France)
BR0771,Hennessey Motors,French Polynesia(France)
BR0781,Hillman Motors,Gabon
BR0791,Hindustan Motors,"Gambia, The"
BR0801,Holden Motors,Georgia
BR0811,Honda Motors,Germany
BR0821,Honda India Motors,Ghana
BR0831,Hudson Motors,Gibraltar(UK)
BR0841,Humber Motors,Greece
BR0851,Hummer Motors,Greenland(Denmark)
BR0861,Hyundai Motors,Grenada
BR0871,"IFA (including Trabant, Wartburg, Barkas) Motors",Guam(US)
BR0881,Infiniti Motors,Guatemala
BR0891,Innocenti Motors,Guernsey(UK)
BR0901,Invicta Motors,Guinea
BR0911,Isdera Motors,Guinea-Bissau
BR0921,Iso Motors,Guyana
BR0931,Isotta Fraschini Motors,Haiti
BR0941,Isuzu Motors,Honduras
BR0951,Iveco Motors,Hungary
BR0961,Jaguar Motors,Iceland
BR0971,Jeep Motors,India
BR0981,Jensen Motors,Indonesia
BR0991,JPX Motors,Iran
BR1001,Kia Motors,Iraq
BR1011,Koenigsegg Motors,Ireland
BR1021,KTM Motors,Isle of Man(UK)
BR1031,Lada Motors,Israel
BR1041,Lamborghini Motors,Italy
BR1051,Lancia Motors,Jamaica
BR1061,Land Rover Motors,Japan
BR1071,Lexus Motors,Jersey(UK)
BR1081,Ligier Motors,Jordan
BR1091,Lincoln Motors,Kazakhstan
BR1101,Lotus Motors,Kenya
BR1111,LTI Motors,Kiribati
BR1121,LuAZ Motors,"Korea, North"
BR1131,Lynx Motors,"Korea, South"
BR1141,Mahindra Motors,Kosovo
BR1151,Marcos Motors,Kuwait
BR1161,Marlin Motors,Kyrgyzstan
BR1171,Maruti Motors,Laos
BR1181,Maserati Motors,Latvia
BR1191,Mastretta Motors,Lebanon
BR1201,"Matra (including Deutsch-Bonnet, René Bonnet) Motors",Lesotho
BR1211,Mazda Motors,Liberia
BR1221,Mazzanti Motors,Libya
BR1231,McLaren Motors,Liechtenstein
BR1241,Mercedes-Benz (including Maybach) Motors,Lithuania
BR1251,Mercury Motors,Luxembourg
BR1261,Merkur Motors,Madagascar
BR1271,Messerschmitt Motors,Malawi
BR1281,Mia Motors,Malaysia
BR1291,Micro Motors,Maldives
BR1301,Mini Motors,Mali
BR1311,Mitsubishi Motors,Malta
BR1321,Monica Motors,Marshall Islands
BR1331,Monteverdi Motors,Mauritania
BR1341,Morgan Motors,Mauritius
BR1351,Moskwitch Motors,Mayotte(France)
BR1361,Nash Motors,Mexico
BR1371,Naza Motors,Federated States of Micronesia
BR1381,Nissan Motors,Moldova
BR1391,Nissan India Motors,Monaco
BR1401,Noble Motors,Mongolia
BR1411,NSU Motors,Montenegro
BR1421,Oldsmobile Motors,Montserrat(UK)
BR1431,Oltcit Motors,Morocco
BR1441,Opel Motors,Mozambique
BR1451,Packard Motors,Myanmar
BR1461,Pagani Motors,Namibia
BR1471,Panhard Motors,Nauru
BR1481,Panoz Motors,Nepal
BR1491,Panther Motors,Netherlands
BR1501,Peel Motors,New Caledonia(France)
BR1511,Perodua Motors,New Zealand
BR1521,Peugeot Motors,Nicaragua
BR1531,PGO Motors,Niger
BR1541,Piaggio Motors,Nigeria
BR1551,Plymouth Motors,Niue(New Zealand)
BR1561,Polestar Motors,Norfolk Island(Australia)
BR1571,"Pontiac, Asüna Motors",North Macedonia
BR1581,Porsche Motors,Northern Cyprus
BR1591,Premier Motors,Northern Mariana Islands(US)
BR1601,Proton Motors,Norway
BR1611,Puma Motors,Oman
BR1621,Ranger Motors,Pakistan
BR1631,Reliant Motors,Palau
BR1641,Renault Motors,State of Palestine
BR1651,Rivian Motors,Panama
BR1661,Rolls-Royce Motors,Papua New Guinea
BR1671,Saab Motors,Paraguay
BR1681,SAIC Motor Motors,Peru
BR1691,Saleen Motors,Philippines
BR1701,Samsung Motors,Pitcairn Islands(UK)
BR1711,San Motors,Poland
BR1721,Santa Matilde Motors,Portugal
BR1731,Santana Motors,Puerto Rico(US)
BR1741,Saturn Motors,Qatar
BR1751,Scion Motors,Romania
BR1761,Seat Motors,Russia
BR1771,Shelby SuperCars Motors,Rwanda
BR1781,Simca Motors,Saint Barthélemy(France)
BR1791,Simca do Brasil Motors,Saint Helena(UK)
BR1801,Singer Motors,Saint Kitts and Nevis
BR1811,Skoda Motors,Saint Lucia
BR1821,Smart Motors,Saint Martin(France)
BR1831,Spyker Motors,Saint Pierre and Miquelon(France)
BR1841,SsangYong Motors,Saint Vincent and the Grenadines
BR1851,Standard-Triumph Motors,Samoa
BR1861,Studebaker Motors,San Marino
BR1871,Subaru Motors,São Tomé and Príncipe
BR1881,Sunbeam Motors,Saudi Arabia
BR1891,Suzuki Motors,Senegal
BR1901,Tata Motors,Serbia
BR1911,Tatra Motors,Seychelles
BR1921,Tazzari Motors,Sierra Leone
BR1931,Tesla Motors,Singapore
BR1941,Tornado Motors,Sint Maarten(Netherlands)
BR1951,Toyota Motors,Slovakia
BR1961,Toyota India Motors,Slovenia
BR1971,Turner Motors,Solomon Islands
BR1981,TVR Motors,Somalia
BR1991,UAZ Motors,Somaliland
BR2001,Vauxhall Motors,South Africa
BR2011,Venturi Motors,South Georgia and the South Sandwich Islands(UK)
BR2021,Volkswagen Motors,South Ossetia
BR2031,Volkswagen do Brasil Motors,South Sudan
BR2041,Volkswagen South Africa Motors,Spain
BR2051,Volvo Motors,Sri Lanka
BR2061,Westfield Motors,Sudan
BR2071,Wiesmann Motors,Suriname
BR2081,Zastava Motors,SvalbardandJan Mayen(Norway)
BR2091,ZAZ Motors,Sweden
BR2101,ZIL Motors,Switzerland
BR2111,Audi Motors,Syria
BR2121,DKW Motors,Taiwan
BR2131,Horch Motors,Tajikistan
BR2141,Wanderer Motors,Tanzania
BR2151,Maybach  Motors,Thailand
BR2161,Izh  Motors,Togo
BR2171,Lagonda  Motors,Tokelau(New Zealand)
BR2181,MG  Motors,Tonga
BR2191,Morris  Motors,Transnistria(Moldova)
BR2201,Austin  Motors,Trinidad and Tobago
BR2211,Riley  Motors,Tunisia
BR2221,Wolseley  Motors,Turkey
BR2231,Standard  Motors,Turkmenistan
BR2241,Talbot  Motors,Turks and Caicos Islands(UK)
BR2251,Das Motors,Tuvalu
BR2261,Ramani Motors,Uganda
BR2271,Deccan Motors,Ukraine
BR2281,Herald Motors,United Arab Emirates
BR2291,Zion Automobils,United Kingdom
BR2301,Atlantic Motor Company,United States of America
BR2311,2008 NRHP-listed,Uruguay
BR2321,Blankinship Motor Company Building,Uzbekistan
BR2331,Bohn Motor Company Automobile Dealership,Vanuatu
BR2341,Buick Automobile Company Building,Vatican City
BR2351,Cadillac Automobile Company Building,Venezuela
BR2361,Casa de cadillac,Vietnam
BR2371,Cass Motor Sales,"Virgin Islands, British(UK)"
BR2381,Claremore Auto Dealership,"Virgin Islands, United States(US)"
BR2391,Clemens Automobile Company Building,Wallis and Futuna(France)
BR2401,Colman Automotive Building,Western Sahara
BR2411,H Street Playhouse,Yemen
BR2421,Howard Motor Company Building,Zambia
BR2431,Hupmobile Building,Zimbabwe
BR2441,Jennings Ford Automobile Dealership,Nepal
BR2451,Jones Motor Company,United States of America
BR2461,Kindel Building,United States of America
BR0002,AC Cars Motors,Afghanistan
BR0012,Acura Motors,Akrotiri and Dhekelia(UK)
BR0022,Aixam-Mega (including Arola) Motors,Åland Islands(Finland)
BR0032,Alfa Romeo Motors,Albania
BR0042,Alpine Motors,Algeria
BR0052,Alvis Motors,American Samoa(US)
BR0062,"AMC, Eagle Motors",Andorra
BR0072,Anadol Motors,Angola
BR0082,Ariel Motors,Anguilla(UK)
BR0092,ARO Motors,Antigua and Barbuda
BR0102,Artega Motors,Argentina
BR0112,Asia Motors Motors,Armenia
BR0122,Aston Martin Motors,Artsakh
BR0132,Audi Motors,Aruba(Netherlands)
BR0142,Autobianchi Motors,Australia
BR0152,Auto-Union Motors,Austria
BR0162,Auverland Motors,Azerbaijan
BR0172,Bentley Motors,Bahamas
BR0182,Bitter Motors,Bahrain
BR0192,BMW Motors,Bangladesh
BR0202,Bond Motors,Barbados
BR0212,Borgward (including Goliath and Lloyd) Motors,Belarus
BR0222,Bristol Motors,Belgium
BR0232,British Leyland Motors,Belize
BR0242,Austin-Healey Motors,Benin
BR0252,"Austin, Rover Motors",Bermuda(UK)
BR0262,Bugatti Motors,Bhutan
BR0272,Buick Motors,Bolivia
BR0282,Bytom Motors,Bosnia and Herzegovina
BR0292,Cadillac Motors,Botswana
BR0302,Caterham Motors,Brazil
BR0312,Checker Motors,Brunei
BR0322,Chevrolet Motors,Bulgaria
BR0332,Chevrolet India Motors,Burkina Faso
BR0342,Chrysler Motors,Burundi
BR0352,Chrysler Europe Motors,Cambodia
BR0362,Citroën Motors,Cameroon
BR0372,Cizeta-Moroder Motors,Canada
BR0382,Dacia Motors,Cape Verde
BR0392,"Daewoo, Saehan, Chevrolet Korea Motors",Cayman Islands(UK)
BR0402,DAF Motors,Central African Republic
BR0412,Daihatsu Motors,Chad
BR0422,Daimler Motors,Chile
BR0432,Datsun Motors,"China, People's Republic of"
BR0442,Delahaye Motors,Christmas Island(Australia)
BR0452,DeLorean Motors,Cocos (Keeling) Islands(Australia)
BR0462,DeSoto Motors,Colombia
BR0472,De Tomaso Motors,Comoros
BR0482,Dodge Motors,"Congo, Democratic Republic of the"
BR0492,Donkervoort Motors,"Congo, Republic of the"
BR0502,Edsel Motors,Cook Islands(New Zealand)
BR0512,e.GO Mobile Motors,Costa Rica
BR0522,Eicher Polaris Motors,Côte d'Ivoire
BR0532,Elva Motors,Croatia
BR0542,Facel Vega Motors,Cuba
BR0552,Ferrari Motors,Curaçao(Netherlands)
BR0562,Fiat Motors,Cyprus
BR0572,Fiat do Brasil Motors,Czech Republic
BR0582,Fiat India Motors,Denmark
BR0592,"Fisker, Karma Motors",Djibouti
BR0602,Ford America Motors,Dominica
BR0612,Ford Australia Motors,Dominican Republic
BR0622,Ford do Brasil Motors,East Timor
BR0632,Ford Europe Motors,Ecuador
BR0642,Ford India Motors,Egypt
BR0652,Freightliner Motors,El Salvador
BR0662,FSO Motors,Equatorial Guinea
BR0672,GAZ Motors,Eritrea
BR0682,Geo Motors,Estonia
BR0692,Gilbern Motors,Eswatini
BR0702,Ginetta Motors,Ethiopia
BR0712,Glas Motors,Falkland Islands(UK)
BR0722,GMC Motors,Faroe Islands(Denmark)
BR0732,GTA Spano Motors,Fiji
BR0742,Gumpert Motors,Finland
BR0752,Healey Motors,France
BR0762,Heinkel Motors,French Guiana(France)
BR0772,Hennessey Motors,French Polynesia(France)
BR0782,Hillman Motors,Gabon
BR0792,Hindustan Motors,"Gambia, The"
BR0802,Holden Motors,Georgia
BR0812,Honda Motors,Germany
BR0822,Honda India Motors,Ghana
BR0832,Hudson Motors,Gibraltar(UK)
BR0842,Humber Motors,Greece
BR0852,Hummer Motors,Greenland(Denmark)
BR0862,Hyundai Motors,Grenada
BR0872,"IFA (including Trabant, Wartburg, Barkas) Motors",Guam(US)
BR0882,Infiniti Motors,Guatemala
BR0892,Innocenti Motors,Guernsey(UK)
BR0902,Invicta Motors,Guinea
BR0912,Isdera Motors,Guinea-Bissau
BR0922,Iso Motors,Guyana
BR0932,Isotta Fraschini Motors,Haiti
BR0942,Isuzu Motors,Honduras
BR0952,Iveco Motors,Hungary
BR0962,Jaguar Motors,Iceland
BR0972,Jeep Motors,India
BR0982,Jensen Motors,Indonesia
BR0992,JPX Motors,Iran
BR1002,Kia Motors,Iraq
BR1012,Koenigsegg Motors,Ireland
BR1022,KTM Motors,Isle of Man(UK)
BR1032,Lada Motors,Israel
BR1042,Lamborghini Motors,Italy
BR1052,Lancia Motors,Jamaica
BR1062,Land Rover Motors,Japan
BR1072,Lexus Motors,Jersey(UK)
BR1082,Ligier Motors,Jordan
BR1092,Lincoln Motors,Kazakhstan
BR1102,Lotus Motors,Kenya
BR1112,LTI Motors,Kiribati
BR1122,LuAZ Motors,"Korea, North"
BR1132,Lynx Motors,"Korea, South"
BR1142,Mahindra Motors,Kosovo
BR1152,Marcos Motors,Kuwait
BR1162,Marlin Motors,Kyrgyzstan
BR1172,Maruti Motors,Laos
BR1182,Maserati Motors,Latvia
BR1192,Mastretta Motors,Lebanon
BR1202,"Matra (including Deutsch-Bonnet, René Bonnet) Motors",Lesotho
BR1212,Mazda Motors,Liberia
BR1222,Mazzanti Motors,Libya
BR1232,McLaren Motors,Liechtenstein
BR1242,Mercedes-Benz (including Maybach) Motors,Lithuania
BR1252,Mercury Motors,Luxembourg
BR1262,Merkur Motors,Madagascar
BR1272,Messerschmitt Motors,Malawi
BR1282,Mia Motors,Malaysia
BR1292,Micro Motors,Maldives
BR1302,Mini Motors,Mali
BR1312,Mitsubishi Motors,Malta
BR1322,Monica Motors,Marshall Islands
BR1332,Monteverdi Motors,Mauritania
BR1342,Morgan Motors,Mauritius
BR1352,Moskwitch Motors,Mayotte(France)
BR1362,Nash Motors,Mexico
BR1372,Naza Motors,Federated States of Micronesia
BR1382,Nissan Motors,Moldova
BR1392,Nissan India Motors,Monaco
BR1402,Noble Motors,Mongolia
BR1412,NSU Motors,Montenegro
BR1422,Oldsmobile Motors,Montserrat(UK)
BR1432,Oltcit Motors,Morocco
BR1442,Opel Motors,Mozambique
BR1452,Packard Motors,Myanmar
BR1462,Pagani Motors,Namibia
BR1472,Panhard Motors,Nauru
BR1482,Panoz Motors,Nepal
BR1492,Panther Motors,Netherlands
BR1502,Peel Motors,New Caledonia(France)
BR1512,Perodua Motors,New Zealand
BR1522,Peugeot Motors,Nicaragua
BR1532,PGO Motors,Niger
BR1542,Piaggio Motors,Nigeria
BR1552,Plymouth Motors,Niue(New Zealand)
BR1562,Polestar Motors,Norfolk Island(Australia)
BR1572,"Pontiac, Asüna Motors",North Macedonia
BR1582,Porsche Motors,Northern Cyprus
BR1592,Premier Motors,Northern Mariana Islands(US)
BR1602,Proton Motors,Norway
BR1612,Puma Motors,Oman
BR1622,Ranger Motors,Pakistan
BR1632,Reliant Motors,Palau
BR1642,Renault Motors,State of Palestine
BR1652,Rivian Motors,Panama
BR1662,Rolls-Royce Motors,Papua New Guinea
BR1672,Saab Motors,Paraguay
BR1682,SAIC Motor Motors,Peru
BR1692,Saleen Motors,Philippines
BR1702,Samsung Motors,Pitcairn Islands(UK)
BR1712,San Motors,Poland
BR1722,Santa Matilde Motors,Portugal
BR1732,Santana Motors,Puerto Rico(US)
BR1742,Saturn Motors,Qatar
BR1752,Scion Motors,Romania
BR1762,Seat Motors,Russia
BR1772,Shelby SuperCars Motors,Rwanda
BR1782,Simca Motors,Saint Barthélemy(France)
BR1792,Simca do Brasil Motors,Saint Helena(UK)
BR1802,Singer Motors,Saint Kitts and Nevis
BR1812,Skoda Motors,Saint Lucia
BR1822,Smart Motors,Saint Martin(France)
BR1832,Spyker Motors,Saint Pierre and Miquelon(France)
BR1842,SsangYong Motors,Saint Vincent and the Grenadines
BR1852,Standard-Triumph Motors,Samoa
BR1862,Studebaker Motors,San Marino
BR1872,Subaru Motors,São Tomé and Príncipe
BR1882,Sunbeam Motors,Saudi Arabia
BR1892,Suzuki Motors,Senegal
BR1902,Tata Motors,Serbia
BR1912,Tatra Motors,Seychelles
BR1922,Tazzari Motors,Sierra Leone
BR1932,Tesla Motors,Singapore
BR1942,Tornado Motors,Sint Maarten(Netherlands)
BR1952,Toyota Motors,Slovakia
BR1962,Toyota India Motors,Slovenia
BR1972,Turner Motors,Solomon Islands
BR1982,TVR Motors,Somalia
BR1992,UAZ Motors,Somaliland
BR2002,Vauxhall Motors,South Africa
BR2012,Venturi Motors,South Georgia and the South Sandwich Islands(UK)
BR2022,Volkswagen Motors,South Ossetia
BR2032,Volkswagen do Brasil Motors,South Sudan
BR2042,Volkswagen South Africa Motors,Spain
BR2052,Volvo Motors,Sri Lanka
BR2062,Westfield Motors,Sudan
BR2072,Wiesmann Motors,Suriname
BR2082,Zastava Motors,SvalbardandJan Mayen(Norway)
BR2092,ZAZ Motors,Sweden
BR2102,ZIL Motors,Switzerland
BR2112,Audi Motors,Syria
BR2122,DKW Motors,Taiwan
BR2132,Horch Motors,Tajikistan
BR2142,Wanderer Motors,Tanzania
BR2152,Maybach  Motors,Thailand
BR2162,Izh  Motors,Togo
BR2172,Lagonda  Motors,Tokelau(New Zealand)
BR2182,MG  Motors,Tonga
BR2192,Morris  Motors,Transnistria(Moldova)
BR2202,Austin  Motors,Trinidad and Tobago
BR2212,Riley  Motors,Tunisia
BR2222,Wolseley  Motors,Turkey
BR2232,Standard  Motors,Turkmenistan
BR2242,Talbot  Motors,Turks and Caicos Islands(UK)
BR2252,Das Motors,Tuvalu
BR2262,Ramani Motors,Uganda
BR2272,Deccan Motors,Ukraine
BR2282,Herald Motors,United Arab Emirates
BR2292,Zion Automobils,United Kingdom
BR2302,Atlantic Motor Company,United States of America
BR2312,2008 NRHP-listed,Uruguay
BR2322,Blankinship Motor Company Building,Uzbekistan
BR2332,Bohn Motor Company Automobile Dealership,Vanuatu
BR2342,Buick Automobile Company Building,Vatican City
BR2352,Cadillac Automobile Company Building,Venezuela
BR2362,Casa de cadillac,Vietnam
BR2372,Cass Motor Sales,"Virgin Islands, British(UK)"
BR2382,Claremore Auto Dealership,"Virgin Islands, United States(US)"
BR2392,Clemens Automobile Company Building,Wallis and Futuna(France)
BR2402,Colman Automotive Building,Western Sahara
BR2412,H Street Playhouse,Yemen
BR2422,Howard Motor Company Building,Zambia
BR2432,Hupmobile Building,Zimbabwe
BR2442,Jennings Ford Automobile Dealership,Nepal
BR2452,Jones Motor Company,United States of America
BR2462,Kindel Building,United States of America
BR0003,AC Cars Motors,Afghanistan
BR0013,Acura Motors,Akrotiri and Dhekelia(UK)
BR0023,Aixam-Mega (including Arola) Motors,Åland Islands(Finland)
BR0033,Alfa Romeo Motors,Albania
BR0043,Alpine Motors,Algeria
BR0053,Alvis Motors,American Samoa(US)
BR0063,"AMC, Eagle Motors",Andorra
BR0073,Anadol Motors,Angola
BR0083,Ariel Motors,Anguilla(UK)
BR0093,ARO Motors,Antigua and Barbuda
BR0103,Artega Motors,Argentina
BR0113,Asia Motors Motors,Armenia
BR0123,Aston Martin Motors,Artsakh
BR0133,Audi Motors,Aruba(Netherlands)
BR0143,Autobianchi Motors,Australia
BR0153,Auto-Union Motors,Austria
BR0163,Auverland Motors,Azerbaijan
BR0173,Bentley Motors,Bahamas
BR0183,Bitter Motors,Bahrain
BR0193,BMW Motors,Bangladesh
BR0203,Bond Motors,Barbados
BR0213,Borgward (including Goliath and Lloyd) Motors,Belarus
BR0223,Bristol Motors,Belgium
BR0233,British Leyland Motors,Belize
BR0243,Austin-Healey Motors,Benin
BR0253,"Austin, Rover Motors",Bermuda(UK)
BR0263,Bugatti Motors,Bhutan
BR0273,Buick Motors,Bolivia
BR0283,Bytom Motors,Bosnia and Herzegovina
BR0293,Cadillac Motors,Botswana
BR0303,Caterham Motors,Brazil
BR0313,Checker Motors,Brunei
BR0323,Chevrolet Motors,Bulgaria
BR0333,Chevrolet India Motors,Burkina Faso
BR0343,Chrysler Motors,Burundi
BR0353,Chrysler Europe Motors,Cambodia
BR0363,Citroën Motors,Cameroon
BR0373,Cizeta-Moroder Motors,Canada
BR0383,Dacia Motors,Cape Verde
BR0393,"Daewoo, Saehan, Chevrolet Korea Motors",Cayman Islands(UK)
BR0403,DAF Motors,Central African Republic
BR0413,Daihatsu Motors,Chad
BR0423,Daimler Motors,Chile
BR0433,Datsun Motors,"China, People's Republic of"
BR0443,Delahaye Motors,Christmas Island(Australia)
BR0453,DeLorean Motors,Cocos (Keeling) Islands(Australia)
BR0463,DeSoto Motors,Colombia
BR0473,De Tomaso Motors,Comoros
BR0483,Dodge Motors,"Congo, Democratic Republic of the"
BR0493,Donkervoort Motors,"Congo, Republic of the"
BR0503,Edsel Motors,Cook Islands(New Zealand)
BR0513,e.GO Mobile Motors,Costa Rica
BR0523,Eicher Polaris Motors,Côte d'Ivoire
BR0533,Elva Motors,Croatia
BR0543,Facel Vega Motors,Cuba
BR0553,Ferrari Motors,Curaçao(Netherlands)
BR0563,Fiat Motors,Cyprus
BR0573,Fiat do Brasil Motors,Czech Republic
BR0583,Fiat India Motors,Denmark
BR0593,"Fisker, Karma Motors",Djibouti
BR0603,Ford America Motors,Dominica
BR0613,Ford Australia Motors,Dominican Republic
BR0623,Ford do Brasil Motors,East Timor
BR0633,Ford Europe Motors,Ecuador
BR0643,Ford India Motors,Egypt
BR0653,Freightliner Motors,El Salvador
BR0663,FSO Motors,Equatorial Guinea
BR0673,GAZ Motors,Eritrea
BR0683,Geo Motors,Estonia
BR0693,Gilbern Motors,Eswatini
BR0703,Ginetta Motors,Ethiopia
BR0713,Glas Motors,Falkland Islands(UK)
BR0723,GMC Motors,Faroe Islands(Denmark)
BR0733,GTA Spano Motors,Fiji
BR0743,Gumpert Motors,Finland
BR0753,Healey Motors,France
BR0763,Heinkel Motors,French Guiana(France)
BR0773,Hennessey Motors,French Polynesia(France)
BR0783,Hillman Motors,Gabon
BR0793,Hindustan Motors,"Gambia, The"
BR0803,Holden Motors,Georgia
BR0813,Honda Motors,Germany
BR0823,Honda India Motors,Ghana
BR0833,Hudson Motors,Gibraltar(UK)
BR0843,Humber Motors,Greece
BR0853,Hummer Motors,Greenland(Denmark)
BR0863,Hyundai Motors,Grenada
BR0873,"IFA (including Trabant, Wartburg, Barkas) Motors",Guam(US)
BR0883,Infiniti Motors,Guatemala
BR0893,Innocenti Motors,Guernsey(UK)
BR0903,Invicta Motors,Guinea
BR0913,Isdera Motors,Guinea-Bissau
BR0923,Iso Motors,Guyana
BR0933,Isotta Fraschini Motors,Haiti
BR0943,Isuzu Motors,Honduras
BR0953,Iveco Motors,Hungary
BR0963,Jaguar Motors,Iceland
BR0973,Jeep Motors,India
BR0983,Jensen Motors,Indonesia
BR0993,JPX Motors,Iran
BR1003,Kia Motors,Iraq
BR1013,Koenigsegg Motors,Ireland
BR1023,KTM Motors,Isle of Man(UK)
BR1033,Lada Motors,Israel
BR1043,Lamborghini Motors,Italy
BR1053,Lancia Motors,Jamaica
BR1063,Land Rover Motors,Japan
BR1073,Lexus Motors,Jersey(UK)
BR1083,Ligier Motors,Jordan
BR1093,Lincoln Motors,Kazakhstan
BR1103,Lotus Motors,Kenya
BR1113,LTI Motors,Kiribati
BR1123,LuAZ Motors,"Korea, North"
BR1133,Lynx Motors,"Korea, South"
BR1143,Mahindra Motors,Kosovo
BR1153,Marcos Motors,Kuwait
BR1163,Marlin Motors,Kyrgyzstan
BR1173,Maruti Motors,Laos
BR1183,Maserati Motors,Latvia
BR1193,Mastretta Motors,Lebanon
BR1203,"Matra (including Deutsch-Bonnet, René Bonnet) Motors",Lesotho
BR1213,Mazda Motors,Liberia
BR1223,Mazzanti Motors,Libya
BR1233,McLaren Motors,Liechtenstein
BR1243,Mercedes-Benz (including Maybach) Motors,Lithuania
BR1253,Mercury Motors,Luxembourg
BR1263,Merkur Motors,Madagascar
BR1273,Messerschmitt Motors,Malawi
BR1283,Mia Motors,Malaysia
BR1293,Micro Motors,Maldives
BR1303,Mini Motors,Mali
BR1313,Mitsubishi Motors,Malta
BR1323,Monica Motors,Marshall Islands
BR1333,Monteverdi Motors,Mauritania
BR1343,Morgan Motors,Mauritius
BR1353,Moskwitch Motors,Mayotte(France)
BR1363,Nash Motors,Mexico
BR1373,Naza Motors,Federated States of Micronesia
BR1383,Nissan Motors,Moldova
BR1393,Nissan India Motors,Monaco
BR1403,Noble Motors,Mongolia
BR1413,NSU Motors,Montenegro
BR1423,Oldsmobile Motors,Montserrat(UK)
BR1433,Oltcit Motors,Morocco
BR1443,Opel Motors,Mozambique
BR1453,Packard Motors,Myanmar
BR1463,Pagani Motors,Namibia
BR1473,Panhard Motors,Nauru
BR1483,Panoz Motors,Nepal
BR1493,Panther Motors,Netherlands
BR1503,Peel Motors,New Caledonia(France)
BR1513,Perodua Motors,New Zealand
BR1523,Peugeot Motors,Nicaragua
BR1533,PGO Motors,Niger
BR1543,Piaggio Motors,Nigeria
BR1553,Plymouth Motors,Niue(New Zealand)
BR1563,Polestar Motors,Norfolk Island(Australia)
BR1573,"Pontiac, Asüna Motors",North Macedonia
BR1583,Porsche Motors,Northern Cyprus
BR1593,Premier Motors,Northern Mariana Islands(US)
BR1603,Proton Motors,Norway
BR1613,Puma Motors,Oman
BR1623,Ranger Motors,Pakistan
BR1633,Reliant Motors,Palau
BR1643,Renault Motors,State of Palestine
BR1653,Rivian Motors,Panama
BR1663,Rolls-Royce Motors,Papua New Guinea
BR1673,Saab Motors,Paraguay
BR1683,SAIC Motor Motors,Peru
BR1693,Saleen Motors,Philippines
BR1703,Samsung Motors,Pitcairn Islands(UK)
BR1713,San Motors,Poland
BR1723,Santa Matilde Motors,Portugal
BR1733,Santana Motors,Puerto Rico(US)
BR1743,Saturn Motors,Qatar
BR1753,Scion Motors,Romania
BR1763,Seat Motors,Russia
BR1773,Shelby SuperCars Motors,Rwanda
BR1783,Simca Motors,Saint Barthélemy(France)
BR1793,Simca do Brasil Motors,Saint Helena(UK)
BR1803,Singer Motors,Saint Kitts and Nevis
BR1813,Skoda Motors,Saint Lucia
BR1823,Smart Motors,Saint Martin(France)
BR1833,Spyker Motors,Saint Pierre and Miquelon(France)
BR1843,SsangYong Motors,Saint Vincent and the Grenadines
BR1853,Standard-Triumph Motors,Samoa
BR1863,Studebaker Motors,San Marino
BR1873,Subaru Motors,São Tomé and Príncipe
BR1883,Sunbeam Motors,Saudi Arabia
BR1893,Suzuki Motors,Senegal
BR1903,Tata Motors,Serbia
BR1913,Tatra Motors,Seychelles
BR1923,Tazzari Motors,Sierra Leone
BR1933,Tesla Motors,Singapore
BR1943,Tornado Motors,Sint Maarten(Netherlands)
BR1953,Toyota Motors,Slovakia
BR1963,Toyota India Motors,Slovenia
BR1973,Turner Motors,Solomon Islands
BR1983,TVR Motors,Somalia
BR1993,UAZ Motors,Somaliland
BR2003,Vauxhall Motors,South Africa
BR2013,Venturi Motors,South Georgia and the South Sandwich Islands(UK)
BR2023,Volkswagen Motors,South Ossetia
BR2033,Volkswagen do Brasil Motors,South Sudan
BR2043,Volkswagen South Africa Motors,Spain
BR2053,Volvo Motors,Sri Lanka
BR2063,Westfield Motors,Sudan
BR2073,Wiesmann Motors,Suriname
BR2083,Zastava Motors,SvalbardandJan Mayen(Norway)
BR2093,ZAZ Motors,Sweden
BR2103,ZIL Motors,Switzerland
BR2113,Audi Motors,Syria
BR2123,DKW Motors,Taiwan
BR2133,Horch Motors,Tajikistan
BR2143,Wanderer Motors,Tanzania
BR2153,Maybach  Motors,Thailand
BR2163,Izh  Motors,Togo
BR2173,Lagonda  Motors,Tokelau(New Zealand)
BR2183,MG  Motors,Tonga
BR2193,Morris  Motors,Transnistria(Moldova)
BR2203,Austin  Motors,Trinidad and Tobago
BR2213,Riley  Motors,Tunisia
BR2223,Wolseley  Motors,Turkey
BR2233,Standard  Motors,Turkmenistan
BR2243,Talbot  Motors,Turks and Caicos Islands(UK)
BR2253,Das Motors,Tuvalu
BR2263,Ramani Motors,Uganda
BR2273,Deccan Motors,Ukraine
BR2283,Herald Motors,United Arab Emirates
BR2293,Zion Automobils,United Kingdom
BR2303,Atlantic Motor Company,United States of America
BR2313,2008 NRHP-listed,Uruguay
BR2323,Blankinship Motor Company Building,Uzbekistan
BR2333,Bohn Motor Company Automobile Dealership,Vanuatu
BR2343,Buick Automobile Company Building,Vatican City
BR2353,Cadillac Automobile Company Building,Venezuela
BR2363,Casa de cadillac,Vietnam
BR2373,Cass Motor Sales,"Virgin Islands, British(UK)"
BR2383,Claremore Auto Dealership,"Virgin Islands, United States(US)"
BR2393,Clemens Automobile Company Building,Wallis and Futuna(France)
BR2403,Colman Automotive Building,Western Sahara
BR2413,H Street Playhouse,Yemen
BR2423,Howard Motor Company Building,Zambia
BR2433,Hupmobile Building,Zimbabwe
BR2443,Jennings Ford Automobile Dealership,Nepal
BR2453,Jones Motor Company,United States of America
BR2463,Kindel Building,United States of America
BR0004,AC Cars Motors,Afghanistan
BR0014,Acura Motors,Akrotiri and Dhekelia(UK)
BR0024,Aixam-Mega (including Arola) Motors,Åland Islands(Finland)
BR0034,Alfa Romeo Motors,Albania
BR0044,Alpine Motors,Algeria
BR0054,Alvis Motors,American Samoa(US)
BR0064,"AMC, Eagle Motors",Andorra
BR0074,Anadol Motors,Angola
BR0084,Ariel Motors,Anguilla(UK)
BR0094,ARO Motors,Antigua and Barbuda
BR0104,Artega Motors,Argentina
BR0114,Asia Motors Motors,Armenia
BR0124,Aston Martin Motors,Artsakh
BR0134,Audi Motors,Aruba(Netherlands)
BR0144,Autobianchi Motors,Australia
BR0154,Auto-Union Motors,Austria
BR0164,Auverland Motors,Azerbaijan
BR0174,Bentley Motors,Bahamas
BR0184,Bitter Motors,Bahrain
BR0194,BMW Motors,Bangladesh
BR0204,Bond Motors,Barbados
BR0214,Borgward (including Goliath and Lloyd) Motors,Belarus
BR0224,Bristol Motors,Belgium
BR0234,British Leyland Motors,Belize
BR0244,Austin-Healey Motors,Benin
BR0254,"Austin, Rover Motors",Bermuda(UK)
BR0264,Bugatti Motors,Bhutan
BR0274,Buick Motors,Bolivia
BR0284,Bytom Motors,Bosnia and Herzegovina
BR0294,Cadillac Motors,Botswana
BR0304,Caterham Motors,Brazil
BR0314,Checker Motors,Brunei
BR0324,Chevrolet Motors,Bulgaria
BR0334,Chevrolet India Motors,Burkina Faso
BR0344,Chrysler Motors,Burundi
BR0354,Chrysler Europe Motors,Cambodia
BR0364,Citroën Motors,Cameroon
BR0374,Cizeta-Moroder Motors,Canada
BR0384,Dacia Motors,Cape Verde
BR0394,"Daewoo, Saehan, Chevrolet Korea Motors",Cayman Islands(UK)
BR0404,DAF Motors,Central African Republic
BR0414,Daihatsu Motors,Chad
BR0424,Daimler Motors,Chile
BR0434,Datsun Motors,"China, People's Republic of"
BR0444,Delahaye Motors,Christmas Island(Australia)
BR0454,DeLorean Motors,Cocos (Keeling) Islands(Australia)
BR0464,DeSoto Motors,Colombia
BR0474,De Tomaso Motors,Comoros
BR0484,Dodge Motors,"Congo, Democratic Republic of the"
BR0494,Donkervoort Motors,"Congo, Republic of the"
BR0504,Edsel Motors,Cook Islands(New Zealand)
BR0514,e.GO Mobile Motors,Costa Rica
BR0524,Eicher Polaris Motors,Côte d'Ivoire
BR0534,Elva Motors,Croatia
BR0544,Facel Vega Motors,Cuba
BR0554,Ferrari Motors,Curaçao(Netherlands)
BR0564,Fiat Motors,Cyprus
BR0574,Fiat do Brasil Motors,Czech Republic
BR0584,Fiat India Motors,Denmark
BR0594,"Fisker, Karma Motors",Djibouti
BR0604,Ford America Motors,Dominica
BR0614,Ford Australia Motors,Dominican Republic
BR0624,Ford do Brasil Motors,East Timor
BR0634,Ford Europe Motors,Ecuador
BR0644,Ford India Motors,Egypt
BR0654,Freightliner Motors,El Salvador
BR0664,FSO Motors,Equatorial Guinea
BR0674,GAZ Motors,Eritrea
BR0684,Geo Motors,Estonia
BR0694,Gilbern Motors,Eswatini
BR0704,Ginetta Motors,Ethiopia
BR0714,Glas Motors,Falkland Islands(UK)
BR0724,GMC Motors,Faroe Islands(Denmark)
BR0734,GTA Spano Motors,Fiji
BR0744,Gumpert Motors,Finland
BR0754,Healey Motors,France
BR0764,Heinkel Motors,French Guiana(France)
BR0774,Hennessey Motors,French Polynesia(France)
BR0784,Hillman Motors,Gabon
BR0794,Hindustan Motors,"Gambia, The"
BR0804,Holden Motors,Georgia
BR0814,Honda Motors,Germany
BR0824,Honda India Motors,Ghana
BR0834,Hudson Motors,Gibraltar(UK)
BR0844,Humber Motors,Greece
BR0854,Hummer Motors,Greenland(Denmark)
BR0864,Hyundai Motors,Grenada
BR0874,"IFA (including Trabant, Wartburg, Barkas) Motors",Guam(US)
BR0884,Infiniti Motors,Guatemala
BR0894,Innocenti Motors,Guernsey(UK)
BR0904,Invicta Motors,Guinea
BR0914,Isdera Motors,Guinea-Bissau
BR0924,Iso Motors,Guyana
BR0934,Isotta Fraschini Motors,Haiti
BR0944,Isuzu Motors,Honduras
BR0954,Iveco Motors,Hungary
BR0964,Jaguar Motors,Iceland
BR0974,Jeep Motors,India
BR0984,Jensen Motors,Indonesia
BR0994,JPX Motors,Iran
BR1004,Kia Motors,Iraq
BR1014,Koenigsegg Motors,Ireland
BR1024,KTM Motors,Isle of Man(UK)
BR1034,Lada Motors,Israel
BR1044,Lamborghini Motors,Italy
BR1054,Lancia Motors,Jamaica
BR1064,Land Rover Motors,Japan
BR1074,Lexus Motors,Jersey(UK)
BR1084,Ligier Motors,Jordan
BR1094,Lincoln Motors,Kazakhstan
BR1104,Lotus Motors,Kenya
BR1114,LTI Motors,Kiribati
BR1124,LuAZ Motors,"Korea, North"
BR1134,Lynx Motors,"Korea, South"
BR1144,Mahindra Motors,Kosovo
BR1154,Marcos Motors,Kuwait
BR1164,Marlin Motors,Kyrgyzstan
BR1174,Maruti Motors,Laos
BR1184,Maserati Motors,Latvia
BR1194,Mastretta Motors,Lebanon
BR1204,"Matra (including Deutsch-Bonnet, René Bonnet) Motors",Lesotho
BR1214,Mazda Motors,Liberia
BR1224,Mazzanti Motors,Libya
BR1234,McLaren Motors,Liechtenstein
BR1244,Mercedes-Benz (including Maybach) Motors,Lithuania
BR1254,Mercury Motors,Luxembourg
BR1264,Merkur Motors,Madagascar
BR1274,Messerschmitt Motors,Malawi
BR1284,Mia Motors,Malaysia
BR1294,Micro Motors,Maldives
BR1304,Mini Motors,Mali
BR1314,Mitsubishi Motors,Malta
BR1324,Monica Motors,Marshall Islands
BR1334,Monteverdi Motors,Mauritania
BR1344,Morgan Motors,Mauritius
BR1354,Moskwitch Motors,Mayotte(France)
BR1364,Nash Motors,Mexico
BR1374,Naza Motors,Federated States of Micronesia
BR1384,Nissan Motors,Moldova
BR1394,Nissan India Motors,Monaco
BR1404,Noble Motors,Mongolia
BR1414,NSU Motors,Montenegro
BR1424,Oldsmobile Motors,Montserrat(UK)
BR1434,Oltcit Motors,Morocco
BR1444,Opel Motors,Mozambique
BR1454,Packard Motors,Myanmar
BR1464,Pagani Motors,Namibia
BR1474,Panhard Motors,Nauru
BR1484,Panoz Motors,Nepal
BR1494,Panther Motors,Netherlands
BR1504,Peel Motors,New Caledonia(France)
BR1514,Perodua Motors,New Zealand
BR1524,Peugeot Motors,Nicaragua
BR1534,PGO Motors,Niger
BR1544,Piaggio Motors,Nigeria
BR1554,Plymouth Motors,Niue(New Zealand)
BR1564,Polestar Motors,Norfolk Island(Australia)
BR1574,"Pontiac, Asüna Motors",North Macedonia
BR1584,Porsche Motors,Northern Cyprus
BR1594,Premier Motors,Northern Mariana Islands(US)
BR1604,Proton Motors,Norway
BR1614,Puma Motors,Oman
BR1624,Ranger Motors,Pakistan
BR1634,Reliant Motors,Palau
BR1644,Renault Motors,State of Palestine
BR1654,Rivian Motors,Panama
BR1664,Rolls-Royce Motors,Papua New Guinea
BR1674,Saab Motors,Paraguay
BR1684,SAIC Motor Motors,Peru
BR1694,Saleen Motors,Philippines
BR1704,Samsung Motors,Pitcairn Islands(UK)
BR1714,San Motors,Poland
BR1724,Santa Matilde Motors,Portugal
BR1734,Santana Motors,Puerto Rico(US)
BR1744,Saturn Motors,Qatar
BR1754,Scion Motors,Romania
BR1764,Seat Motors,Russia
BR1774,Shelby SuperCars Motors,Rwanda
BR1784,Simca Motors,Saint Barthélemy(France)
BR1794,Simca do Brasil Motors,Saint Helena(UK)
BR1804,Singer Motors,Saint Kitts and Nevis
BR1814,Skoda Motors,Saint Lucia
BR1824,Smart Motors,Saint Martin(France)
BR1834,Spyker Motors,Saint Pierre and Miquelon(France)
BR1844,SsangYong Motors,Saint Vincent and the Grenadines
BR1854,Standard-Triumph Motors,Samoa
BR1864,Studebaker Motors,San Marino
BR1874,Subaru Motors,São Tomé and Príncipe
BR1884,Sunbeam Motors,Saudi Arabia
BR1894,Suzuki Motors,Senegal
BR1904,Tata Motors,Serbia
BR1914,Tatra Motors,Seychelles
BR1924,Tazzari Motors,Sierra Leone
BR1934,Tesla Motors,Singapore
BR1944,Tornado Motors,Sint Maarten(Netherlands)
BR1954,Toyota Motors,Slovakia
BR1964,Toyota India Motors,Slovenia
BR1974,Turner Motors,Solomon Islands
BR1984,TVR Motors,Somalia
BR1994,UAZ Motors,Somaliland
BR2004,Vauxhall Motors,South Africa
BR2014,Venturi Motors,South Georgia and the South Sandwich Islands(UK)
BR2024,Volkswagen Motors,South Ossetia
BR2034,Volkswagen do Brasil Motors,South Sudan
BR2044,Volkswagen South Africa Motors,Spain
BR2054,Volvo Motors,Sri Lanka
BR2064,Westfield Motors,Sudan
BR2074,Wiesmann Motors,Suriname
BR2084,Zastava Motors,SvalbardandJan Mayen(Norway)
BR2094,ZAZ Motors,Sweden
BR2104,ZIL Motors,Switzerland
BR2114,Audi Motors,Syria
BR2124,DKW Motors,Taiwan
BR2134,Horch Motors,Tajikistan
BR2144,Wanderer Motors,Tanzania
BR2154,Maybach  Motors,Thailand
BR2164,Izh  Motors,Togo
BR2174,Lagonda  Motors,Tokelau(New Zealand)
BR2184,MG  Motors,Tonga
BR2194,Morris  Motors,Transnistria(Moldova)
BR2204,Austin  Motors,Trinidad and Tobago
BR2214,Riley  Motors,Tunisia
BR2224,Wolseley  Motors,Turkey
BR2234,Standard  Motors,Turkmenistan
BR2244,Talbot  Motors,Turks and Caicos Islands(UK)
BR2254,Das Motors,Tuvalu
BR2264,Ramani Motors,Uganda
BR2274,Deccan Motors,Ukraine
BR2284,Herald Motors,United Arab Emirates
BR2294,Zion Automobils,United Kingdom
BR2304,Atlantic Motor Company,United States of America
BR2314,2008 NRHP-listed,Uruguay
BR2324,Blankinship Motor Company Building,Uzbekistan
BR2334,Bohn Motor Company Automobile Dealership,Vanuatu
BR2344,Buick Automobile Company Building,Vatican City
BR2354,Cadillac Automobile Company Building,Venezuela
BR2364,Casa de cadillac,Vietnam
BR2374,Cass Motor Sales,"Virgin Islands, British(UK)"
BR2384,Claremore Auto Dealership,"Virgin Islands, United States(US)"
BR2394,Clemens Automobile Company Building,Wallis and Futuna(France)
BR2404,Colman Automotive Building,Western Sahara
BR2414,H Street Playhouse,Yemen
BR2424,Howard Motor Company Building,Zambia
BR2434,Hupmobile Building,Zimbabwe
BR2444,Jennings Ford Automobile Dealership,Nepal
BR2454,Jones Motor Company,United States of America
BR2464,Kindel Building,United States of America
BR0005,AC Cars Motors,Afghanistan
BR0015,Acura Motors,Akrotiri and Dhekelia(UK)
BR0025,Aixam-Mega (including Arola) Motors,Åland Islands(Finland)
BR0035,Alfa Romeo Motors,Albania
BR0045,Alpine Motors,Algeria
BR0055,Alvis Motors,American Samoa(US)
BR0065,"AMC, Eagle Motors",Andorra
BR0075,Anadol Motors,Angola
BR0085,Ariel Motors,Anguilla(UK)
BR0095,ARO Motors,Antigua and Barbuda
BR0105,Artega Motors,Argentina
BR0115,Asia Motors Motors,Armenia
BR0125,Aston Martin Motors,Artsakh
BR0135,Audi Motors,Aruba(Netherlands)
BR0145,Autobianchi Motors,Australia
BR0155,Auto-Union Motors,Austria
BR0165,Auverland Motors,Azerbaijan
BR0175,Bentley Motors,Bahamas
BR0185,Bitter Motors,Bahrain
BR0195,BMW Motors,Bangladesh
BR0205,Bond Motors,Barbados
BR0215,Borgward (including Goliath and Lloyd) Motors,Belarus
BR0225,Bristol Motors,Belgium
BR0235,British Leyland Motors,Belize
BR0245,Austin-Healey Motors,Benin
BR0255,"Austin, Rover Motors",Bermuda(UK)
BR0265,Bugatti Motors,Bhutan
BR0275,Buick Motors,Bolivia
BR0285,Bytom Motors,Bosnia and Herzegovina
BR0295,Cadillac Motors,Botswana
BR0305,Caterham Motors,Brazil
BR0315,Checker Motors,Brunei
BR0325,Chevrolet Motors,Bulgaria
BR0335,Chevrolet India Motors,Burkina Faso
BR0345,Chrysler Motors,Burundi
BR0355,Chrysler Europe Motors,Cambodia
BR0365,Citroën Motors,Cameroon
BR0375,Cizeta-Moroder Motors,Canada
BR0385,Dacia Motors,Cape Verde
BR0395,"Daewoo, Saehan, Chevrolet Korea Motors",Cayman Islands(UK)
BR0405,DAF Motors,Central African Republic
BR0415,Daihatsu Motors,Chad
BR0425,Daimler Motors,Chile
BR0435,Datsun Motors,"China, People's Republic of"
BR0445,Delahaye Motors,Christmas Island(Australia)
BR0455,DeLorean Motors,Cocos (Keeling) Islands(Australia)
BR0465,DeSoto Motors,Colombia
BR0475,De Tomaso Motors,Comoros
BR0485,Dodge Motors,"Congo, Democratic Republic of the"
BR0495,Donkervoort Motors,"Congo, Republic of the"
BR0505,Edsel Motors,Cook Islands(New Zealand)
BR0515,e.GO Mobile Motors,Costa Rica
BR0525,Eicher Polaris Motors,Côte d'Ivoire
BR0535,Elva Motors,Croatia
BR0545,Facel Vega Motors,Cuba
BR0555,Ferrari Motors,Curaçao(Netherlands)
BR0565,Fiat Motors,Cyprus
BR0575,Fiat do Brasil Motors,Czech Republic
BR0585,Fiat India Motors,Denmark
BR0595,"Fisker, Karma Motors",Djibouti
BR0605,Ford America Motors,Dominica
BR0615,Ford Australia Motors,Dominican Republic
BR0625,Ford do Brasil Motors,East Timor
BR0635,Ford Europe Motors,Ecuador
BR0645,Ford India Motors,Egypt
BR0655,Freightliner Motors,El Salvador
BR0665,FSO Motors,Equatorial Guinea
BR0675,GAZ Motors,Eritrea
BR0685,Geo Motors,Estonia
BR0695,Gilbern Motors,Eswatini
BR0705,Ginetta Motors,Ethiopia
BR0715,Glas Motors,Falkland Islands(UK)
BR0725,GMC Motors,Faroe Islands(Denmark)
BR0735,GTA Spano Motors,Fiji
BR0745,Gumpert Motors,Finland
BR0755,Healey Motors,France
BR0765,Heinkel Motors,French Guiana(France)
BR0775,Hennessey Motors,French Polynesia(France)
BR0785,Hillman Motors,Gabon
BR0795,Hindustan Motors,"Gambia, The"
BR0805,Holden Motors,Georgia
BR0815,Honda Motors,Germany
BR0825,Honda India Motors,Ghana
BR0835,Hudson Motors,Gibraltar(UK)
BR0845,Humber Motors,Greece
BR0855,Hummer Motors,Greenland(Denmark)
BR0865,Hyundai Motors,Grenada
BR0875,"IFA (including Trabant, Wartburg, Barkas) Motors",Guam(US)
BR0885,Infiniti Motors,Guatemala
BR0895,Innocenti Motors,Guernsey(UK)
BR0905,Invicta Motors,Guinea
BR0915,Isdera Motors,Guinea-Bissau
BR0925,Iso Motors,Guyana
BR0935,Isotta Fraschini Motors,Haiti
BR0945,Isuzu Motors,Honduras
BR0955,Iveco Motors,Hungary
BR0965,Jaguar Motors,Iceland
BR0975,Jeep Motors,India
BR0985,Jensen Motors,Indonesia
BR0995,JPX Motors,Iran
BR1005,Kia Motors,Iraq
BR1015,Koenigsegg Motors,Ireland
BR1025,KTM Motors,Isle of Man(UK)
BR1035,Lada Motors,Israel
BR1045,Lamborghini Motors,Italy
BR1055,Lancia Motors,Jamaica
BR1065,Land Rover Motors,Japan
BR1075,Lexus Motors,Jersey(UK)
BR1085,Ligier Motors,Jordan
BR1095,Lincoln Motors,Kazakhstan
BR1105,Lotus Motors,Kenya
BR1115,LTI Motors,Kiribati
BR1125,LuAZ Motors,"Korea, North"
BR1135,Lynx Motors,"Korea, South"
BR1145,Mahindra Motors,Kosovo
BR1155,Marcos Motors,Kuwait
BR1165,Marlin Motors,Kyrgyzstan
BR1175,Maruti Motors,Laos
BR1185,Maserati Motors,Latvia
BR1195,Mastretta Motors,Lebanon
BR1205,"Matra (including Deutsch-Bonnet, René Bonnet) Motors",Lesotho
BR1215,Mazda Motors,Liberia
BR1225,Mazzanti Motors,Libya
BR1235,McLaren Motors,Liechtenstein
BR1245,Mercedes-Benz (including Maybach) Motors,Lithuania
BR1255,Mercury Motors,Luxembourg
BR1265,Merkur Motors,Madagascar
BR1275,Messerschmitt Motors,Malawi
BR1285,Mia Motors,Malaysia
BR1295,Micro Motors,Maldives
BR1305,Mini Motors,Mali
BR1315,Mitsubishi Motors,Malta
BR1325,Monica Motors,Marshall Islands
BR1335,Monteverdi Motors,Mauritania
BR1345,Morgan Motors,Mauritius
BR1355,Moskwitch Motors,Mayotte(France)
BR1365,Nash Motors,Mexico
BR1375,Naza Motors,Federated States of Micronesia
BR1385,Nissan Motors,Moldova
BR1395,Nissan India Motors,Monaco
BR1405,Noble Motors,Mongolia
BR1415,NSU Motors,Montenegro
BR1425,Oldsmobile Motors,Montserrat(UK)
BR1435,Oltcit Motors,Morocco
BR1445,Opel Motors,Mozambique
BR1455,Packard Motors,Myanmar
BR1465,Pagani Motors,Namibia
BR1475,Panhard Motors,Nauru
BR1485,Panoz Motors,Nepal
BR1495,Panther Motors,Netherlands
BR1505,Peel Motors,New Caledonia(France)
BR1515,Perodua Motors,New Zealand
BR1525,Peugeot Motors,Nicaragua
BR1535,PGO Motors,Niger
BR1545,Piaggio Motors,Nigeria
BR1555,Plymouth Motors,Niue(New Zealand)
BR1565,Polestar Motors,Norfolk Island(Australia)
BR1575,"Pontiac, Asüna Motors",North Macedonia
BR1585,Porsche Motors,Northern Cyprus
BR1595,Premier Motors,Northern Mariana Islands(US)
BR1605,Proton Motors,Norway
BR1615,Puma Motors,Oman
BR1625,Ranger Motors,Pakistan
BR1635,Reliant Motors,Palau
BR1645,Renault Motors,State of Palestine
BR1655,Rivian Motors,Panama
BR1665,Rolls-Royce Motors,Papua New Guinea
BR1675,Saab Motors,Paraguay
BR1685,SAIC Motor Motors,Peru
BR1695,Saleen Motors,Philippines
BR1705,Samsung Motors,Pitcairn Islands(UK)
BR1715,San Motors,Poland
BR1725,Santa Matilde Motors,Portugal
BR1735,Santana Motors,Puerto Rico(US)
BR1745,Saturn Motors,Qatar
BR1755,Scion Motors,Romania
BR1765,Seat Motors,Russia
BR1775,Shelby SuperCars Motors,Rwanda
BR1785,Simca Motors,Saint Barthélemy(France)
BR1795,Simca do Brasil Motors,Saint Helena(UK)
BR1805,Singer Motors,Saint Kitts and Nevis
BR1815,Skoda Motors,Saint Lucia
BR1825,Smart Motors,Saint Martin(France)
BR1835,Spyker Motors,Saint Pierre and Miquelon(France)
BR1845,SsangYong Motors,Saint Vincent and the Grenadines
BR1855,Standard-Triumph Motors,Samoa
BR1865,Studebaker Motors,San Marino
BR1875,Subaru Motors,São Tomé and Príncipe
BR1885,Sunbeam Motors,Saudi Arabia
BR1895,Suzuki Motors,Senegal
BR1905,Tata Motors,Serbia
BR1915,Tatra Motors,Seychelles
BR1925,Tazzari Motors,Sierra Leone
BR1935,Tesla Motors,Singapore
BR1945,Tornado Motors,Sint Maarten(Netherlands)
BR1955,Toyota Motors,Slovakia
BR1965,Toyota India Motors,Slovenia
BR1975,Turner Motors,Solomon Islands
BR1985,TVR Motors,Somalia
BR1995,UAZ Motors,Somaliland
BR2005,Vauxhall Motors,South Africa
BR2015,Venturi Motors,South Georgia and the South Sandwich Islands(UK)
BR2025,Volkswagen Motors,South Ossetia
BR2035,Volkswagen do Brasil Motors,South Sudan
BR2045,Volkswagen South Africa Motors,Spain
BR2055,Volvo Motors,Sri Lanka
BR2065,Westfield Motors,Sudan
BR2075,Wiesmann Motors,Suriname
BR2085,Zastava Motors,SvalbardandJan Mayen(Norway)
BR2095,ZAZ Motors,Sweden
BR2105,ZIL Motors,Switzerland
BR2115,Audi Motors,Syria
BR2125,DKW Motors,Taiwan
BR2135,Horch Motors,Tajikistan
BR2145,Wanderer Motors,Tanzania
BR2155,Maybach  Motors,Thailand
BR2165,Izh  Motors,Togo
BR2175,Lagonda  Motors,Tokelau(New Zealand)
BR2185,MG  Motors,Tonga
BR2195,Morris  Motors,Transnistria(Moldova)
BR2205,Austin  Motors,Trinidad and Tobago
BR2215,Riley  Motors,Tunisia
BR2225,Wolseley  Motors,Turkey
BR2235,Standard  Motors,Turkmenistan
BR2245,Talbot  Motors,Turks and Caicos Islands(UK)
BR2255,Das Motors,Tuvalu
BR2265,Ramani Motors,Uganda
BR2275,Deccan Motors,Ukraine
BR2285,Herald Motors,United Arab Emirates
BR2295,Zion Automobils,United Kingdom
BR2305,Atlantic Motor Company,United States of America
BR2315,2008 NRHP-listed,Uruguay
BR2325,Blankinship Motor Company Building,Uzbekistan
BR2335,Bohn Motor Company Automobile Dealership,Vanuatu
BR2345,Buick Automobile Company Building,Vatican City
BR2355,Cadillac Automobile Company Building,Venezuela
BR2365,Casa de cadillac,Vietnam
BR2375,Cass Motor Sales,"Virgin Islands, British(UK)"
BR2385,Claremore Auto Dealership,"Virgin Islands, United States(US)"
BR2395,Clemens Automobile Company Building,Wallis and Futuna(France)
BR2405,Colman Automotive Building,Western Sahara
BR2415,H Street Playhouse,Yemen
BR2425,Howard Motor Company Building,Zambia
BR2435,Hupmobile Building,Zimbabwe
BR2445,Jennings Ford Automobile Dealership,Nepal
BR2455,Jones Motor Company,United States of America
BR2465,Kindel Building,United States of America
BR0006,AC Cars Motors,Afghanistan
BR0066,Acura Motors,Akrotiri and Dhekelia(UK)
BR0126,Aixam-Mega (including Arola) Motors,Åland Islands(Finland)
BR0186,Alfa Romeo Motors,Albania
BR0246,Alpine Motors,Algeria
BR0306,Alvis Motors,American Samoa(US)
BR0366,"AMC, Eagle Motors",Andorra
BR0426,Anadol Motors,Angola
BR0486,Ariel Motors,Anguilla(UK)
BR0546,ARO Motors,Antigua and Barbuda
BR0606,Artega Motors,Argentina
BR0666,Asia Motors Motors,Armenia
BR0726,Aston Martin Motors,Artsakh
BR0786,Audi Motors,Aruba(Netherlands)
BR0846,Autobianchi Motors,Australia
BR0906,Auto-Union Motors,Austria
BR0966,Auverland Motors,Azerbaijan
BR1026,Bentley Motors,Bahamas
BR1086,Bitter Motors,Bahrain
BR1146,BMW Motors,Bangladesh
BR1206,Bond Motors,Barbados
BR1266,Borgward (including Goliath and Lloyd) Motors,Belarus
BR1326,Bristol Motors,Belgium
BR1386,British Leyland Motors,Belize
BR1446,Austin-Healey Motors,Benin
BR1506,"Austin, Rover Motors",Bermuda(UK)
BR1566,Bugatti Motors,Bhutan
BR1626,Buick Motors,Bolivia
BR1686,Bytom Motors,Bosnia and Herzegovina
BR1746,Cadillac Motors,Botswana
BR1806,Caterham Motors,Brazil
BR1866,Checker Motors,Brunei
BR1926,Chevrolet Motors,Bulgaria
BR1986,Chevrolet India Motors,Burkina Faso
BR2046,Chrysler Motors,Burundi
BR2106,Chrysler Europe Motors,Cambodia
BR2166,Citroën Motors,Cameroon
BR2226,Cizeta-Moroder Motors,Canada
BR2286,Dacia Motors,Cape Verde
BR2346,"Daewoo, Saehan, Chevrolet Korea Motors",Cayman Islands(UK)
BR2406,DAF Motors,Central African Republic
BR2466,Daihatsu Motors,Chad
BR2526,Daimler Motors,Chile
BR2586,Datsun Motors,"China, People's Republic of"
BR2646,Delahaye Motors,Christmas Island(Australia)
BR2706,DeLorean Motors,Cocos (Keeling) Islands(Australia)
BR2766,DeSoto Motors,Colombia
BR2826,De Tomaso Motors,Comoros
BR2886,Dodge Motors,"Congo, Democratic Republic of the"
BR2946,Donkervoort Motors,"Congo, Republic of the"
BR3006,Edsel Motors,Cook Islands(New Zealand)
BR3066,e.GO Mobile Motors,Costa Rica
BR3126,Eicher Polaris Motors,Côte d'Ivoire
BR3186,Elva Motors,Croatia
BR3246,Facel Vega Motors,Cuba
BR3306,Ferrari Motors,Curaçao(Netherlands)
BR3366,Fiat Motors,Cyprus
BR3426,Fiat do Brasil Motors,Czech Republic
BR3486,Fiat India Motors,Denmark
BR3546,"Fisker, Karma Motors",Djibouti
BR3606,Ford America Motors,Dominica
BR3666,Ford Australia Motors,Dominican Republic
BR3726,Ford do Brasil Motors,East Timor
BR3786,Ford Europe Motors,Ecuador
BR3846,Ford India Motors,Egypt
BR3906,Freightliner Motors,El Salvador
BR3966,FSO Motors,Equatorial Guinea
BR4026,GAZ Motors,Eritrea
BR4086,Geo Motors,Estonia
BR4146,Gilbern Motors,Eswatini
BR4206,Ginetta Motors,Ethiopia
BR4266,Glas Motors,Falkland Islands(UK)
BR4326,GMC Motors,Faroe Islands(Denmark)
BR4386,GTA Spano Motors,Fiji
BR4446,Gumpert Motors,Finland
BR4506,Healey Motors,France
BR4566,Heinkel Motors,French Guiana(France)
BR4626,Hennessey Motors,French Polynesia(France)
BR4686,Hillman Motors,Gabon
BR4746,Hindustan Motors,"Gambia, The"
BR4806,Holden Motors,Georgia
BR4866,Honda Motors,Germany
BR4926,Honda India Motors,Ghana
BR4986,Hudson Motors,Gibraltar(UK)
BR5046,Humber Motors,Greece
BR5106,Hummer Motors,Greenland(Denmark)
BR5166,Hyundai Motors,Grenada
BR5226,"IFA (including Trabant, Wartburg, Barkas) Motors",Guam(US)
BR5286,Infiniti Motors,Guatemala
BR5346,Innocenti Motors,Guernsey(UK)
BR5406,Invicta Motors,Guinea
BR5466,Isdera Motors,Guinea-Bissau
BR5526,Iso Motors,Guyana
BR5586,Isotta Fraschini Motors,Haiti
BR5646,Isuzu Motors,Honduras
BR5706,Iveco Motors,Hungary
BR5766,Jaguar Motors,Iceland
BR5826,Jeep Motors,India
BR5886,Jensen Motors,Indonesia
BR5946,JPX Motors,Iran
BR6006,Kia Motors,Iraq
BR6066,Koenigsegg Motors,Ireland
BR6126,KTM Motors,Isle of Man(UK)
BR6186,Lada Motors,Israel
BR6246,Lamborghini Motors,Italy
BR6306,Lancia Motors,Jamaica
BR6366,Land Rover Motors,Japan
BR6426,Lexus Motors,Jersey(UK)
BR6486,Ligier Motors,Jordan
BR6546,Lincoln Motors,Kazakhstan
BR6606,Lotus Motors,Kenya
BR6666,LTI Motors,Kiribati
BR6726,LuAZ Motors,"Korea, North"
BR6786,Lynx Motors,"Korea, South"
BR6846,Mahindra Motors,Kosovo
BR6906,Marcos Motors,Kuwait
BR6966,Marlin Motors,Kyrgyzstan
BR7026,Maruti Motors,Laos
BR7086,Maserati Motors,Latvia
BR7146,Mastretta Motors,Lebanon
BR7206,"Matra (including Deutsch-Bonnet, René Bonnet) Motors",Lesotho
BR7266,Mazda Motors,Liberia
BR7326,Mazzanti Motors,Libya
BR7386,McLaren Motors,Liechtenstein
BR7446,Mercedes-Benz (including Maybach) Motors,Lithuania
BR7506,Mercury Motors,Luxembourg
BR7566,Merkur Motors,Madagascar
BR7626,Messerschmitt Motors,Malawi
BR7686,Mia Motors,Malaysia
BR7746,Micro Motors,Maldives
BR7806,Mini Motors,Mali
BR7866,Mitsubishi Motors,Malta
BR7926,Monica Motors,Marshall Islands
BR7986,Monteverdi Motors,Mauritania
BR8046,Morgan Motors,Mauritius
BR8106,Moskwitch Motors,Mayotte(France)
BR8166,Nash Motors,Mexico
BR8226,Naza Motors,Federated States of Micronesia
BR8286,Nissan Motors,Moldova
BR8346,Nissan India Motors,Monaco
BR8406,Noble Motors,Mongolia
BR8466,NSU Motors,Montenegro
BR8526,Oldsmobile Motors,Montserrat(UK)
BR8586,Oltcit Motors,Morocco
BR8646,Opel Motors,Mozambique
BR8706,Packard Motors,Myanmar
BR8766,Pagani Motors,Namibia
BR8826,Panhard Motors,Nauru
BR8886,Panoz Motors,Nepal
BR8946,Panther Motors,Netherlands
BR9006,Peel Motors,New Caledonia(France)
BR9066,Perodua Motors,New Zealand
BR9126,Peugeot Motors,Nicaragua
BR9186,PGO Motors,Niger
BR9246,Piaggio Motors,Nigeria
BR9306,Plymouth Motors,Niue(New Zealand)
BR9366,Polestar Motors,Norfolk Island(Australia)
BR9426,"Pontiac, Asüna Motors",North Macedonia
BR9486,Porsche Motors,Northern Cyprus
BR9546,Premier Motors,Northern Mariana Islands(US)
BR9606,Proton Motors,Norway
BR9666,Puma Motors,Oman
BR9726,Ranger Motors,Pakistan
BR9786,Reliant Motors,Palau
BR9846,Renault Motors,State of Palestine
BR9906,Rivian Motors,Panama
BR9966,Rolls-Royce Motors,Papua New Guinea
BR10026,Saab Motors,Paraguay
BR10086,SAIC Motor Motors,Peru
BR10146,Saleen Motors,Philippines
BR10206,Samsung Motors,Pitcairn Islands(UK)
BR10266,San Motors,Poland
BR10326,Santa Matilde Motors,Portugal
BR10386,Santana Motors,Puerto Rico(US)
BR10446,Saturn Motors,Qatar
BR10506,Scion Motors,Romania
BR10566,Seat Motors,Russia
BR10626,Shelby SuperCars Motors,Rwanda
BR10686,Simca Motors,Saint Barthélemy(France)
BR10746,Simca do Brasil Motors,Saint Helena(UK)
BR10806,Singer Motors,Saint Kitts and Nevis
BR10866,Skoda Motors,Saint Lucia
BR10926,Smart Motors,Saint Martin(France)
BR10986,Spyker Motors,Saint Pierre and Miquelon(France)
BR11046,SsangYong Motors,Saint Vincent and the Grenadines
BR11106,Standard-Triumph Motors,Samoa
BR11166,Studebaker Motors,San Marino
BR11226,Subaru Motors,São Tomé and Príncipe
BR11286,Sunbeam Motors,Saudi Arabia
BR11346,Suzuki Motors,Senegal
BR11406,Tata Motors,Serbia
BR11466,Tatra Motors,Seychelles
BR11526,Tazzari Motors,Sierra Leone
BR11586,Tesla Motors,Singapore
BR11646,Tornado Motors,Sint Maarten(Netherlands)
BR11706,Toyota Motors,Slovakia
BR11766,Toyota India Motors,Slovenia
BR11826,Turner Motors,Solomon Islands
BR11886,TVR Motors,Somalia
BR11946,UAZ Motors,Somaliland
BR12006,Vauxhall Motors,South Africa
BR12066,Venturi Motors,South Georgia and the South Sandwich Islands(UK)
BR12126,Volkswagen Motors,South Ossetia
BR12186,Volkswagen do Brasil Motors,South Sudan
BR12246,Volkswagen South Africa Motors,Spain
BR12306,Volvo Motors,Sri Lanka
BR12366,Westfield Motors,Sudan
BR12426,Wiesmann Motors,Suriname
BR12486,Zastava Motors,SvalbardandJan Mayen(Norway)
BR12546,ZAZ Motors,Sweden
BR12606,ZIL Motors,Switzerland
BR12666,Audi Motors,Syria
BR12726,DKW Motors,Taiwan
BR12786,Horch Motors,Tajikistan
BR12846,Wanderer Motors,Tanzania
BR12906,Maybach  Motors,Thailand
BR12966,Izh  Motors,Togo
BR13026,Lagonda  Motors,Tokelau(New Zealand)
BR13086,MG  Motors,Tonga
BR13146,Morris  Motors,Transnistria(Moldova)
BR13206,Austin  Motors,Trinidad and Tobago
BR13266,Riley  Motors,Tunisia
BR13326,Wolseley  Motors,Turkey
BR13386,Standard  Motors,Turkmenistan
BR13446,Talbot  Motors,Turks and Caicos Islands(UK)
BR13506,Das Motors,Tuvalu
BR13566,Ramani Motors,Uganda
BR13626,Deccan Motors,Ukraine
BR13686,Herald Motors,United Arab Emirates
BR13746,Zion Automobils,United Kingdom
BR13806,Atlantic Motor Company,United States of America
BR13866,2008 NRHP-listed,Uruguay
BR13926,Blankinship Motor Company Building,Uzbekistan
BR13986,Bohn Motor Company Automobile Dealership,Vanuatu
BR14046,Buick Automobile Company Building,Vatican City
BR14106,Cadillac Automobile Company Building,Venezuela
BR14166,Casa de cadillac,Vietnam
BR14226,Cass Motor Sales,"Virgin Islands, British(UK)"
BR14286,Claremore Auto Dealership,"Virgin Islands, United States(US)"
BR14346,Clemens Automobile Company Building,Wallis and Futuna(France)
BR14406,Colman Automotive Building,Western Sahara
BR14466,H Street Playhouse,Yemen
BR14526,Howard Motor Company Building,Zambia
BR14586,Hupmobile Building,Zimbabwe
BR14646,Jennings Ford Automobile Dealership,Nepal
BR14706,Jones Motor Company,United States of America
BR14766,Kindel Building,United States of America
BR0007,AC Cars Motors,Afghanistan
BR0017,Acura Motors,Akrotiri and Dhekelia(UK)
BR0027,Aixam-Mega (including Arola) Motors,Åland Islands(Finland)
BR0037,Alfa Romeo Motors,Albania
BR0047,Alpine Motors,Algeria
BR0057,Alvis Motors,American Samoa(US)
BR0067,"AMC, Eagle Motors",Andorra
BR0077,Anadol Motors,Angola
BR0087,Ariel Motors,Anguilla(UK)
BR0097,ARO Motors,Antigua and Barbuda
BR0107,Artega Motors,Argentina
BR0117,Asia Motors Motors,Armenia
BR0127,Aston Martin Motors,Artsakh
BR0137,Audi Motors,Aruba(Netherlands)
BR0147,Autobianchi Motors,Australia
BR0157,Auto-Union Motors,Austria
BR0167,Auverland Motors,Azerbaijan
BR0177,Bentley Motors,Bahamas
BR0187,Bitter Motors,Bahrain
BR0197,BMW Motors,Bangladesh
BR0207,Bond Motors,Barbados
BR0217,Borgward (including Goliath and Lloyd) Motors,Belarus
BR0227,Bristol Motors,Belgium
BR0237,British Leyland Motors,Belize
BR0247,Austin-Healey Motors,Benin
BR0257,"Austin, Rover Motors",Bermuda(UK)
BR0267,Bugatti Motors,Bhutan
BR0277,Buick Motors,Bolivia
BR0287,Bytom Motors,Bosnia and Herzegovina
BR0297,Cadillac Motors,Botswana
BR0307,Caterham Motors,Brazil
BR0317,Checker Motors,Brunei
BR0327,Chevrolet Motors,Bulgaria
BR0337,Chevrolet India Motors,Burkina Faso
BR0347,Chrysler Motors,Burundi
BR0357,Chrysler Europe Motors,Cambodia
BR0367,Citroën Motors,Cameroon
BR0377,Cizeta-Moroder Motors,Canada
BR0387,Dacia Motors,Cape Verde
BR0397,"Daewoo, Saehan, Chevrolet Korea Motors",Cayman Islands(UK)
BR0407,DAF Motors,Central African Republic
BR0417,Daihatsu Motors,Chad
BR0427,Daimler Motors,Chile
BR0437,Datsun Motors,"China, People's Republic of"
BR0447,Delahaye Motors,Christmas Island(Australia)
BR0457,DeLorean Motors,Cocos (Keeling) Islands(Australia)
BR0467,DeSoto Motors,Colombia
BR0477,De Tomaso Motors,Comoros
BR0487,Dodge Motors,"Congo, Democratic Republic of the"
BR0497,Donkervoort Motors,"Congo, Republic of the"
BR0507,Edsel Motors,Cook Islands(New Zealand)
BR0517,e.GO Mobile Motors,Costa Rica
BR0527,Eicher Polaris Motors,Côte d'Ivoire
BR0537,Elva Motors,Croatia
BR0547,Facel Vega Motors,Cuba
BR0557,Ferrari Motors,Curaçao(Netherlands)
BR0567,Fiat Motors,Cyprus
BR0577,Fiat do Brasil Motors,Czech Republic
BR0587,Fiat India Motors,Denmark
BR0597,"Fisker, Karma Motors",Djibouti
BR0607,Ford America Motors,Dominica
BR0617,Ford Australia Motors,Dominican Republic
BR0627,Ford do Brasil Motors,East Timor
BR0637,Ford Europe Motors,Ecuador
BR0647,Ford India Motors,Egypt
BR0657,Freightliner Motors,El Salvador
BR0667,FSO Motors,Equatorial Guinea
BR0677,GAZ Motors,Eritrea
BR0687,Geo Motors,Estonia
BR0697,Gilbern Motors,Eswatini
BR0707,Ginetta Motors,Ethiopia
BR0717,Glas Motors,Falkland Islands(UK)
BR0727,GMC Motors,Faroe Islands(Denmark)
BR0737,GTA Spano Motors,Fiji
BR0747,Gumpert Motors,Finland
BR0757,Healey Motors,France
BR0767,Heinkel Motors,French Guiana(France)
BR0777,Hennessey Motors,French Polynesia(France)
BR0787,Hillman Motors,Gabon
BR0797,Hindustan Motors,"Gambia, The"
BR0807,Holden Motors,Georgia
BR0817,Honda Motors,Germany
BR0827,Honda India Motors,Ghana
BR0837,Hudson Motors,Gibraltar(UK)
BR0847,Humber Motors,Greece
BR0857,Hummer Motors,Greenland(Denmark)
BR0867,Hyundai Motors,Grenada
BR0877,"IFA (including Trabant, Wartburg, Barkas) Motors",Guam(US)
BR0887,Infiniti Motors,Guatemala
BR0897,Innocenti Motors,Guernsey(UK)
BR0907,Invicta Motors,Guinea
BR0917,Isdera Motors,Guinea-Bissau
BR0927,Iso Motors,Guyana
BR0937,Isotta Fraschini Motors,Haiti
BR0947,Isuzu Motors,Honduras
BR0957,Iveco Motors,Hungary
BR0967,Jaguar Motors,Iceland
BR0977,Jeep Motors,India
BR0987,Jensen Motors,Indonesia
BR0997,JPX Motors,Iran
BR1007,Kia Motors,Iraq
BR1017,Koenigsegg Motors,Ireland
BR1027,KTM Motors,Isle of Man(UK)
BR1037,Lada Motors,Israel
BR1047,Lamborghini Motors,Italy
BR1057,Lancia Motors,Jamaica
BR1067,Land Rover Motors,Japan
BR1077,Lexus Motors,Jersey(UK)
BR1087,Ligier Motors,Jordan
BR1097,Lincoln Motors,Kazakhstan
BR1107,Lotus Motors,Kenya
BR1117,LTI Motors,Kiribati
BR1127,LuAZ Motors,"Korea, North"
BR1137,Lynx Motors,"Korea, South"
BR1147,Mahindra Motors,Kosovo
BR1157,Marcos Motors,Kuwait
BR1167,Marlin Motors,Kyrgyzstan
BR1177,Maruti Motors,Laos
BR1187,Maserati Motors,Latvia
BR1197,Mastretta Motors,Lebanon
BR1207,"Matra (including Deutsch-Bonnet, René Bonnet) Motors",Lesotho
BR1217,Mazda Motors,Liberia
BR1227,Mazzanti Motors,Libya
BR1237,McLaren Motors,Liechtenstein
BR1247,Mercedes-Benz (including Maybach) Motors,Lithuania
BR1257,Mercury Motors,Luxembourg
BR1267,Merkur Motors,Madagascar
BR1277,Messerschmitt Motors,Malawi
BR1287,Mia Motors,Malaysia
BR1297,Micro Motors,Maldives
BR1307,Mini Motors,Mali
BR1317,Mitsubishi Motors,Malta
BR1327,Monica Motors,Marshall Islands
BR1337,Monteverdi Motors,Mauritania
BR1347,Morgan Motors,Mauritius
BR1357,Moskwitch Motors,Mayotte(France)
BR1367,Nash Motors,Mexico
BR1377,Naza Motors,Federated States of Micronesia
BR1387,Nissan Motors,Moldova
BR1397,Nissan India Motors,Monaco
BR1407,Noble Motors,Mongolia
BR1417,NSU Motors,Montenegro
BR1427,Oldsmobile Motors,Montserrat(UK)
BR1437,Oltcit Motors,Morocco
BR1447,Opel Motors,Mozambique
BR1457,Packard Motors,Myanmar
BR1467,Pagani Motors,Namibia
BR1477,Panhard Motors,Nauru
BR1487,Panoz Motors,Nepal
BR1497,Panther Motors,Netherlands
BR1507,Peel Motors,New Caledonia(France)
BR1517,Perodua Motors,New Zealand
BR1527,Peugeot Motors,Nicaragua
BR1537,PGO Motors,Niger
BR1547,Piaggio Motors,Nigeria
BR1557,Plymouth Motors,Niue(New Zealand)
BR1567,Polestar Motors,Norfolk Island(Australia)
BR1577,"Pontiac, Asüna Motors",North Macedonia
BR1587,Porsche Motors,Northern Cyprus
BR1597,Premier Motors,Northern Mariana Islands(US)
BR1607,Proton Motors,Norway
BR1617,Puma Motors,Oman
BR1627,Ranger Motors,Pakistan
BR1637,Reliant Motors,Palau
BR1647,Renault Motors,State of Palestine
BR1657,Rivian Motors,Panama
BR1667,Rolls-Royce Motors,Papua New Guinea
BR1677,Saab Motors,Paraguay
BR1687,SAIC Motor Motors,Peru
BR1697,Saleen Motors,Philippines
BR1707,Samsung Motors,Pitcairn Islands(UK)
BR1717,San Motors,Poland
BR1727,Santa Matilde Motors,Portugal
BR1737,Santana Motors,Puerto Rico(US)
BR1747,Saturn Motors,Qatar
BR1757,Scion Motors,Romania
BR1767,Seat Motors,Russia
BR1777,Shelby SuperCars Motors,Rwanda
BR1787,Simca Motors,Saint Barthélemy(France)
BR1797,Simca do Brasil Motors,Saint Helena(UK)
BR1807,Singer Motors,Saint Kitts and Nevis
BR1817,Skoda Motors,Saint Lucia
BR1827,Smart Motors,Saint Martin(France)
BR1837,Spyker Motors,Saint Pierre and Miquelon(France)
BR1847,SsangYong Motors,Saint Vincent and the Grenadines
BR1857,Standard-Triumph Motors,Samoa
BR1867,Studebaker Motors,San Marino
BR1877,Subaru Motors,São Tomé and Príncipe
BR1887,Sunbeam Motors,Saudi Arabia
BR1897,Suzuki Motors,Senegal
BR1907,Tata Motors,Serbia
BR1917,Tatra Motors,Seychelles
BR1927,Tazzari Motors,Sierra Leone
BR1937,Tesla Motors,Singapore
BR1947,Tornado Motors,Sint Maarten(Netherlands)
BR1957,Toyota Motors,Slovakia
BR1967,Toyota India Motors,Slovenia
BR1977,Turner Motors,Solomon Islands
BR1987,TVR Motors,Somalia
BR1997,UAZ Motors,Somaliland
BR2007,Vauxhall Motors,South Africa
BR2017,Venturi Motors,South Georgia and the South Sandwich Islands(UK)
BR2027,Volkswagen Motors,South Ossetia
BR2037,Volkswagen do Brasil Motors,South Sudan
BR2047,Volkswagen South Africa Motors,Spain
BR2057,Volvo Motors,Sri Lanka
BR2067,Westfield Motors,Sudan
BR2077,Wiesmann Motors,Suriname
BR2087,Zastava Motors,SvalbardandJan Mayen(Norway)
BR2097,ZAZ Motors,Sweden
BR2107,ZIL Motors,Switzerland
BR2117,Audi Motors,Syria
BR2127,DKW Motors,Taiwan
BR2137,Horch Motors,Tajikistan
BR2147,Wanderer Motors,Tanzania
BR2157,Maybach  Motors,Thailand
BR2167,Izh  Motors,Togo
BR2177,Lagonda  Motors,Tokelau(New Zealand)
BR2187,MG  Motors,Tonga
BR2197,Morris  Motors,Transnistria(Moldova)
BR2207,Austin  Motors,Trinidad and Tobago
BR2217,Riley  Motors,Tunisia
BR2227,Wolseley  Motors,Turkey
BR2237,Standard  Motors,Turkmenistan
BR2247,Talbot  Motors,Turks and Caicos Islands(UK)
BR2257,Das Motors,Tuvalu
BR2267,Ramani Motors,Uganda
BR2277,Deccan Motors,Ukraine
BR2287,Herald Motors,United Arab Emirates
BR2297,Zion Automobils,United Kingdom
BR2307,Atlantic Motor Company,United States of America
BR2317,2008 NRHP-listed,Uruguay
BR2327,Blankinship Motor Company Building,Uzbekistan
BR2337,Bohn Motor Company Automobile Dealership,Vanuatu
BR2347,Buick Automobile Company Building,Vatican City
BR2357,Cadillac Automobile Company Building,Venezuela
BR2367,Casa de cadillac,Vietnam
BR2377,Cass Motor Sales,"Virgin Islands, British(UK)"
BR2387,Claremore Auto Dealership,"Virgin Islands, United States(US)"
BR2397,Clemens Automobile Company Building,Wallis and Futuna(France)
BR2407,Colman Automotive Building,Western Sahara
BR2417,H Street Playhouse,Yemen
BR2427,Howard Motor Company Building,Zambia
BR2437,Hupmobile Building,Zimbabwe
BR2447,Jennings Ford Automobile Dealership,Nepal
BR2457,Jones Motor Company,United States of America
BR2467,Kindel Building,United States of America
BR0008,AC Cars Motors,Afghanistan
BR0018,Acura Motors,Akrotiri and Dhekelia(UK)
BR0028,Aixam-Mega (including Arola) Motors,Åland Islands(Finland)
BR0038,Alfa Romeo Motors,Albania
BR0048,Alpine Motors,Algeria
BR0058,Alvis Motors,American Samoa(US)
BR0068,"AMC, Eagle Motors",Andorra
BR0078,Anadol Motors,Angola
BR0088,Ariel Motors,Anguilla(UK)
BR0098,ARO Motors,Antigua and Barbuda
BR0108,Artega Motors,Argentina
BR0118,Asia Motors Motors,Armenia
BR0128,Aston Martin Motors,Artsakh
BR0138,Audi Motors,Aruba(Netherlands)
BR0148,Autobianchi Motors,Australia
BR0158,Auto-Union Motors,Austria
BR0168,Auverland Motors,Azerbaijan
BR0178,Bentley Motors,Bahamas
BR0188,Bitter Motors,Bahrain
BR0198,BMW Motors,Bangladesh
BR0208,Bond Motors,Barbados
BR0218,Borgward (including Goliath and Lloyd) Motors,Belarus
BR0228,Bristol Motors,Belgium
BR0238,British Leyland Motors,Belize
BR0248,Austin-Healey Motors,Benin
BR0258,"Austin, Rover Motors",Bermuda(UK)
BR0268,Bugatti Motors,Bhutan
BR0278,Buick Motors,Bolivia
BR0288,Bytom Motors,Bosnia and Herzegovina
BR0298,Cadillac Motors,Botswana
BR0308,Caterham Motors,Brazil
BR0318,Checker Motors,Brunei
BR0328,Chevrolet Motors,Bulgaria
BR0338,Chevrolet India Motors,Burkina Faso
BR0348,Chrysler Motors,Burundi
BR0358,Chrysler Europe Motors,Cambodia
BR0368,Citroën Motors,Cameroon
BR0378,Cizeta-Moroder Motors,Canada
BR0388,Dacia Motors,Cape Verde
BR0398,"Daewoo, Saehan, Chevrolet Korea Motors",Cayman Islands(UK)
BR0408,DAF Motors,Central African Republic
BR0418,Daihatsu Motors,Chad
BR0428,Daimler Motors,Chile
BR0438,Datsun Motors,"China, People's Republic of"
BR0448,Delahaye Motors,Christmas Island(Australia)
BR0458,DeLorean Motors,Cocos (Keeling) Islands(Australia)
BR0468,DeSoto Motors,Colombia
BR0478,De Tomaso Motors,Comoros
BR0488,Dodge Motors,"Congo, Democratic Republic of the"
BR0498,Donkervoort Motors,"Congo, Republic of the"
BR0508,Edsel Motors,Cook Islands(New Zealand)
BR0518,e.GO Mobile Motors,Costa Rica
BR0528,Eicher Polaris Motors,Côte d'Ivoire
BR0538,Elva Motors,Croatia
BR0548,Facel Vega Motors,Cuba
BR0558,Ferrari Motors,Curaçao(Netherlands)
BR0568,Fiat Motors,Cyprus
BR0578,Fiat do Brasil Motors,Czech Republic
BR0588,Fiat India Motors,Denmark
BR0598,"Fisker, Karma Motors",Djibouti
BR0608,Ford America Motors,Dominica
BR0618,Ford Australia Motors,Dominican Republic
BR0628,Ford do Brasil Motors,East Timor
BR0638,Ford Europe Motors,Ecuador
BR0648,Ford India Motors,Egypt
BR0658,Freightliner Motors,El Salvador
BR0668,FSO Motors,Equatorial Guinea
BR0678,GAZ Motors,Eritrea
BR0688,Geo Motors,Estonia
BR0698,Gilbern Motors,Eswatini
BR0708,Ginetta Motors,Ethiopia
BR0718,Glas Motors,Falkland Islands(UK)
BR0728,GMC Motors,Faroe Islands(Denmark)
BR0738,GTA Spano Motors,Fiji
BR0748,Gumpert Motors,Finland
BR0758,Healey Motors,France
BR0768,Heinkel Motors,French Guiana(France)
BR0778,Hennessey Motors,French Polynesia(France)
BR0788,Hillman Motors,Gabon
BR0798,Hindustan Motors,"Gambia, The"
BR0808,Holden Motors,Georgia
BR0818,Honda Motors,Germany
BR0828,Honda India Motors,Ghana
BR0838,Hudson Motors,Gibraltar(UK)
BR0848,Humber Motors,Greece
BR0858,Hummer Motors,Greenland(Denmark)
BR0868,Hyundai Motors,Grenada
BR0878,"IFA (including Trabant, Wartburg, Barkas) Motors",Guam(US)
BR0888,Infiniti Motors,Guatemala
BR0898,Innocenti Motors,Guernsey(UK)
BR0908,Invicta Motors,Guinea
BR0918,Isdera Motors,Guinea-Bissau
BR0928,Iso Motors,Guyana
BR0938,Isotta Fraschini Motors,Haiti
BR0948,Isuzu Motors,Honduras
BR0958,Iveco Motors,Hungary
BR0968,Jaguar Motors,Iceland
BR0978,Jeep Motors,India
BR0988,Jensen Motors,Indonesia
BR0998,JPX Motors,Iran
BR1008,Kia Motors,Iraq
BR1018,Koenigsegg Motors,Ireland
BR1028,KTM Motors,Isle of Man(UK)
BR1038,Lada Motors,Israel
BR1048,Lamborghini Motors,Italy
BR1058,Lancia Motors,Jamaica
BR1068,Land Rover Motors,Japan
BR1078,Lexus Motors,Jersey(UK)
BR1088,Ligier Motors,Jordan
BR1098,Lincoln Motors,Kazakhstan
BR1108,Lotus Motors,Kenya
BR1118,LTI Motors,Kiribati
BR1128,LuAZ Motors,"Korea, North"
BR1138,Lynx Motors,"Korea, South"
BR1148,Mahindra Motors,Kosovo
BR1158,Marcos Motors,Kuwait
BR1168,Marlin Motors,Kyrgyzstan
BR1178,Maruti Motors,Laos
BR1188,Maserati Motors,Latvia
BR1198,Mastretta Motors,Lebanon
BR1208,"Matra (including Deutsch-Bonnet, René Bonnet) Motors",Lesotho
BR1218,Mazda Motors,Liberia
BR1228,Mazzanti Motors,Libya
BR1238,McLaren Motors,Liechtenstein
BR1248,Mercedes-Benz (including Maybach) Motors,Lithuania
BR1258,Mercury Motors,Luxembourg
BR1268,Merkur Motors,Madagascar
BR1278,Messerschmitt Motors,Malawi
BR1288,Mia Motors,Malaysia
BR1298,Micro Motors,Maldives
BR1308,Mini Motors,Mali
BR1318,Mitsubishi Motors,Malta
BR1328,Monica Motors,Marshall Islands
BR1338,Monteverdi Motors,Mauritania
BR1348,Morgan Motors,Mauritius
BR1358,Moskwitch Motors,Mayotte(France)
BR1368,Nash Motors,Mexico
BR1378,Naza Motors,Federated States of Micronesia
BR1388,Nissan Motors,Moldova
BR1398,Nissan India Motors,Monaco
BR1408,Noble Motors,Mongolia
BR1418,NSU Motors,Montenegro
BR1428,Oldsmobile Motors,Montserrat(UK)
BR1438,Oltcit Motors,Morocco
BR1448,Opel Motors,Mozambique
BR1458,Packard Motors,Myanmar
BR1468,Pagani Motors,Namibia
BR1478,Panhard Motors,Nauru
BR1488,Panoz Motors,Nepal
BR1498,Panther Motors,Netherlands
BR1508,Peel Motors,New Caledonia(France)
BR1518,Perodua Motors,New Zealand
BR1528,Peugeot Motors,Nicaragua
BR1538,PGO Motors,Niger
BR1548,Piaggio Motors,Nigeria
BR1558,Plymouth Motors,Niue(New Zealand)
BR1568,Polestar Motors,Norfolk Island(Australia)
BR1578,"Pontiac, Asüna Motors",North Macedonia
BR1588,Porsche Motors,Northern Cyprus
BR1598,Premier Motors,Northern Mariana Islands(US)
BR1608,Proton Motors,Norway
BR1618,Puma Motors,Oman
BR1628,Ranger Motors,Pakistan
BR1638,Reliant Motors,Palau
BR1648,Renault Motors,State of Palestine
BR1658,Rivian Motors,Panama
BR1668,Rolls-Royce Motors,Papua New Guinea
BR1678,Saab Motors,Paraguay
BR1688,SAIC Motor Motors,Peru
BR1698,Saleen Motors,Philippines
BR1708,Samsung Motors,Pitcairn Islands(UK)
BR1718,San Motors,Poland
BR1728,Santa Matilde Motors,Portugal
BR1738,Santana Motors,Puerto Rico(US)
BR1748,Saturn Motors,Qatar
BR1758,Scion Motors,Romania
BR1768,Seat Motors,Russia
BR1778,Shelby SuperCars Motors,Rwanda
BR1788,Simca Motors,Saint Barthélemy(France)
BR1798,Simca do Brasil Motors,Saint Helena(UK)
BR1808,Singer Motors,Saint Kitts and Nevis
BR1818,Skoda Motors,Saint Lucia
BR1828,Smart Motors,Saint Martin(France)
BR1838,Spyker Motors,Saint Pierre and Miquelon(France)
BR1848,SsangYong Motors,Saint Vincent and the Grenadines
BR1858,Standard-Triumph Motors,Samoa
BR1868,Studebaker Motors,San Marino
BR1878,Subaru Motors,São Tomé and Príncipe
BR1888,Sunbeam Motors,Saudi Arabia
BR1898,Suzuki Motors,Senegal
BR1908,Tata Motors,Serbia
BR1918,Tatra Motors,Seychelles
BR1928,Tazzari Motors,Sierra Leone
BR1938,Tesla Motors,Singapore
BR1948,Tornado Motors,Sint Maarten(Netherlands)
BR1958,Toyota Motors,Slovakia
BR1968,Toyota India Motors,Slovenia
BR1978,Turner Motors,Solomon Islands
BR1988,TVR Motors,Somalia
BR1998,UAZ Motors,Somaliland
BR2008,Vauxhall Motors,South Africa
BR2018,Venturi Motors,South Georgia and the South Sandwich Islands(UK)
BR2028,Volkswagen Motors,South Ossetia
BR2038,Volkswagen do Brasil Motors,South Sudan
BR2048,Volkswagen South Africa Motors,Spain
BR2058,Volvo Motors,Sri Lanka
BR2068,Westfield Motors,Sudan
BR2078,Wiesmann Motors,Suriname
BR2088,Zastava Motors,SvalbardandJan Mayen(Norway)
BR2098,ZAZ Motors,Sweden
BR2108,ZIL Motors,Switzerland
BR2118,Audi Motors,Syria
BR2128,DKW Motors,Taiwan
BR2138,Horch Motors,Tajikistan
BR2148,Wanderer Motors,Tanzania
BR2158,Maybach  Motors,Thailand
BR2168,Izh  Motors,Togo
BR2178,Lagonda  Motors,Tokelau(New Zealand)
BR2188,MG  Motors,Tonga
BR2198,Morris  Motors,Transnistria(Moldova)
BR2208,Austin  Motors,Trinidad and Tobago
BR2218,Riley  Motors,Tunisia
BR2228,Wolseley  Motors,Turkey
BR2238,Standard  Motors,Turkmenistan
BR2248,Talbot  Motors,Turks and Caicos Islands(UK)
BR2258,Das Motors,Tuvalu
BR2268,Ramani Motors,Uganda
BR2278,Deccan Motors,Ukraine
BR2288,Herald Motors,United Arab Emirates
BR2298,Zion Automobils,United Kingdom
BR2308,Atlantic Motor Company,United States of America
BR2318,2008 NRHP-listed,Uruguay
BR2328,Blankinship Motor Company Building,Uzbekistan
BR2338,Bohn Motor Company Automobile Dealership,Vanuatu
BR2348,Buick Automobile Company Building,Vatican City
BR2358,Cadillac Automobile Company Building,Venezuela
BR2368,Casa de cadillac,Vietnam
BR2378,Cass Motor Sales,"Virgin Islands, British(UK)"
BR2388,Claremore Auto Dealership,"Virgin Islands, United States(US)"
BR2398,Clemens Automobile Company Building,Wallis and Futuna(France)
BR2408,Colman Automotive Building,Western Sahara
BR2418,H Street Playhouse,Yemen
BR2428,Howard Motor Company Building,Zambia
BR2438,Hupmobile Building,Zimbabwe
BR2448,Jennings Ford Automobile Dealership,Nepal
BR2458,Jones Motor Company,United States of America
BR2468,Kindel Building,United States of America
BR0009,AC Cars Motors,Afghanistan
BR0019,Acura Motors,Akrotiri and Dhekelia(UK)
BR0029,Aixam-Mega (including Arola) Motors,Åland Islands(Finland)
BR0039,Alfa Romeo Motors,Albania
BR0049,Alpine Motors,Algeria
BR0059,Alvis Motors,American Samoa(US)
BR0069,"AMC, Eagle Motors",Andorra
BR0079,Anadol Motors,Angola
BR0089,Ariel Motors,Anguilla(UK)
BR0099,ARO Motors,Antigua and Barbuda
BR0109,Artega Motors,Argentina
BR0119,Asia Motors Motors,Armenia
BR0129,Aston Martin Motors,Artsakh
BR0139,Audi Motors,Aruba(Netherlands)
BR0149,Autobianchi Motors,Australia
BR0159,Auto-Union Motors,Austria
BR0169,Auverland Motors,Azerbaijan
BR0179,Bentley Motors,Bahamas
BR0189,Bitter Motors,Bahrain
BR0199,BMW Motors,Bangladesh
BR0209,Bond Motors,Barbados
BR0219,Borgward (including Goliath and Lloyd) Motors,Belarus
BR0229,Bristol Motors,Belgium
BR0239,British Leyland Motors,Belize
BR0249,Austin-Healey Motors,Benin
BR0259,"Austin, Rover Motors",Bermuda(UK)
BR0269,Bugatti Motors,Bhutan
BR0279,Buick Motors,Bolivia
BR0289,Bytom Motors,Bosnia and Herzegovina
BR0299,Cadillac Motors,Botswana
BR0309,Caterham Motors,Brazil
BR0319,Checker Motors,Brunei
BR0329,Chevrolet Motors,Bulgaria
BR0339,Chevrolet India Motors,Burkina Faso
BR0349,Chrysler Motors,Burundi
BR0359,Chrysler Europe Motors,Cambodia
BR0369,Citroën Motors,Cameroon
BR0379,Cizeta-Moroder Motors,Canada
BR0389,Dacia Motors,Cape Verde
BR0399,"Daewoo, Saehan, Chevrolet Korea Motors",Cayman Islands(UK)
BR0409,DAF Motors,Central African Republic
BR0419,Daihatsu Motors,Chad
BR0429,Daimler Motors,Chile
BR0439,Datsun Motors,"China, People's Republic of"
BR0449,Delahaye Motors,Christmas Island(Australia)
BR0459,DeLorean Motors,Cocos (Keeling) Islands(Australia)
BR0469,DeSoto Motors,Colombia
BR0479,De Tomaso Motors,Comoros
BR0489,Dodge Motors,"Congo, Democratic Republic of the"
BR0499,Donkervoort Motors,"Congo, Republic of the"
BR0509,Edsel Motors,Cook Islands(New Zealand)
BR0519,e.GO Mobile Motors,Costa Rica
BR0529,Eicher Polaris Motors,Côte d'Ivoire
BR0539,Elva Motors,Croatia
BR0549,Facel Vega Motors,Cuba
BR0559,Ferrari Motors,Curaçao(Netherlands)
BR0569,Fiat Motors,Cyprus
BR0579,Fiat do Brasil Motors,Czech Republic
BR0589,Fiat India Motors,Denmark
BR0599,"Fisker, Karma Motors",Djibouti
BR0609,Ford America Motors,Dominica
BR0619,Ford Australia Motors,Dominican Republic
BR0629,Ford do Brasil Motors,East Timor
BR0639,Ford Europe Motors,Ecuador
BR0649,Ford India Motors,Egypt
BR0659,Freightliner Motors,El Salvador
BR0669,FSO Motors,Equatorial Guinea
BR0679,GAZ Motors,Eritrea
BR0689,Geo Motors,Estonia
BR0699,Gilbern Motors,Eswatini
BR0709,Ginetta Motors,Ethiopia
BR0719,Glas Motors,Falkland Islands(UK)
BR0729,GMC Motors,Faroe Islands(Denmark)
BR0739,GTA Spano Motors,Fiji
BR0749,Gumpert Motors,Finland
BR0759,Healey Motors,France
BR0769,Heinkel Motors,French Guiana(France)
BR0779,Hennessey Motors,French Polynesia(France)
BR0789,Hillman Motors,Gabon
BR0799,Hindustan Motors,"Gambia, The"
BR0809,Holden Motors,Georgia
BR0819,Honda Motors,Germany
BR0829,Honda India Motors,Ghana
BR0839,Hudson Motors,Gibraltar(UK)
BR0849,Humber Motors,Greece
BR0859,Hummer Motors,Greenland(Denmark)
BR0869,Hyundai Motors,Grenada
BR0879,"IFA (including Trabant, Wartburg, Barkas) Motors",Guam(US)
BR0889,Infiniti Motors,Guatemala
BR0899,Innocenti Motors,Guernsey(UK)
BR0909,Invicta Motors,Guinea
BR0919,Isdera Motors,Guinea-Bissau
BR0929,Iso Motors,Guyana
BR0939,Isotta Fraschini Motors,Haiti
BR0949,Isuzu Motors,Honduras
BR0959,Iveco Motors,Hungary
BR0969,Jaguar Motors,Iceland
BR0979,Jeep Motors,India
BR0989,Jensen Motors,Indonesia
BR0999,JPX Motors,Iran
BR1009,Kia Motors,Iraq
BR1019,Koenigsegg Motors,Ireland
BR1029,KTM Motors,Isle of Man(UK)
BR1039,Lada Motors,Israel
BR1049,Lamborghini Motors,Italy
BR1059,Lancia Motors,Jamaica
BR1069,Land Rover Motors,Japan
BR1079,Lexus Motors,Jersey(UK)
BR1089,Ligier Motors,Jordan
BR1099,Lincoln Motors,Kazakhstan
BR1109,Lotus Motors,Kenya
BR1119,LTI Motors,Kiribati
BR1129,LuAZ Motors,"Korea, North"
BR1139,Lynx Motors,"Korea, South"
BR1149,Mahindra Motors,Kosovo
BR1159,Marcos Motors,Kuwait
BR1169,Marlin Motors,Kyrgyzstan
BR1179,Maruti Motors,Laos
BR1189,Maserati Motors,Latvia
BR1199,Mastretta Motors,Lebanon
BR1209,"Matra (including Deutsch-Bonnet, René Bonnet) Motors",Lesotho
BR1219,Mazda Motors,Liberia
BR1229,Mazzanti Motors,Libya
BR1239,McLaren Motors,Liechtenstein
BR1249,Mercedes-Benz (including Maybach) Motors,Lithuania
BR1259,Mercury Motors,Luxembourg
BR1269,Merkur Motors,Madagascar
BR1279,Messerschmitt Motors,Malawi
BR1289,Mia Motors,Malaysia
BR1299,Micro Motors,Maldives
BR1309,Mini Motors,Mali
BR1319,Mitsubishi Motors,Malta
BR1329,Monica Motors,Marshall Islands
BR1339,Monteverdi Motors,Mauritania
BR1349,Morgan Motors,Mauritius
BR1359,Moskwitch Motors,Mayotte(France)
BR1369,Nash Motors,Mexico
BR1379,Naza Motors,Federated States of Micronesia
BR1389,Nissan Motors,Moldova
BR1399,Nissan India Motors,Monaco
BR1409,Noble Motors,Mongolia
BR1419,NSU Motors,Montenegro
BR1429,Oldsmobile Motors,Montserrat(UK)
BR1439,Oltcit Motors,Morocco
BR1449,Opel Motors,Mozambique
BR1459,Packard Motors,Myanmar
BR1469,Pagani Motors,Namibia
BR1479,Panhard Motors,Nauru
BR1489,Panoz Motors,Nepal
BR1499,Panther Motors,Netherlands
BR1509,Peel Motors,New Caledonia(France)
BR1519,Perodua Motors,New Zealand
BR1529,Peugeot Motors,Nicaragua
BR1539,PGO Motors,Niger
BR1549,Piaggio Motors,Nigeria
BR1559,Plymouth Motors,Niue(New Zealand)
BR1569,Polestar Motors,Norfolk Island(Australia)
BR1579,"Pontiac, Asüna Motors",North Macedonia
BR1589,Porsche Motors,Northern Cyprus
BR1599,Premier Motors,Northern Mariana Islands(US)
BR1609,Proton Motors,Norway
BR1619,Puma Motors,Oman
BR1629,Ranger Motors,Pakistan
BR1639,Reliant Motors,Palau
BR1649,Renault Motors,State of Palestine
BR1659,Rivian Motors,Panama
BR1669,Rolls-Royce Motors,Papua New Guinea
BR1679,Saab Motors,Paraguay
BR1689,SAIC Motor Motors,Peru
BR1699,Saleen Motors,Philippines
BR1709,Samsung Motors,Pitcairn Islands(UK)
BR1719,San Motors,Poland
BR1729,Santa Matilde Motors,Portugal
BR1739,Santana Motors,Puerto Rico(US)
BR1749,Saturn Motors,Qatar
BR1759,Scion Motors,Romania
BR1769,Seat Motors,Russia
BR1779,Shelby SuperCars Motors,Rwanda
BR1789,Simca Motors,Saint Barthélemy(France)
BR1799,Simca do Brasil Motors,Saint Helena(UK)
BR1809,Singer Motors,Saint Kitts and Nevis
BR1819,Skoda Motors,Saint Lucia
BR1829,Smart Motors,Saint Martin(France)
BR1839,Spyker Motors,Saint Pierre and Miquelon(France)
BR1849,SsangYong Motors,Saint Vincent and the Grenadines
BR1859,Standard-Triumph Motors,Samoa
BR1869,Studebaker Motors,San Marino
BR1879,Subaru Motors,São Tomé and Príncipe
BR1889,Sunbeam Motors,Saudi Arabia
BR1899,Suzuki Motors,Senegal
BR1909,Tata Motors,Serbia
BR1919,Tatra Motors,Seychelles
BR1929,Tazzari Motors,Sierra Leone
BR1939,Tesla Motors,Singapore
BR1949,Tornado Motors,Sint Maarten(Netherlands)
BR1959,Toyota Motors,Slovakia
BR1969,Toyota India Motors,Slovenia
BR1979,Turner Motors,Solomon Islands
BR1989,TVR Motors,Somalia
BR1999,UAZ Motors,Somaliland
BR2009,Vauxhall Motors,South Africa
BR2019,Venturi Motors,South Georgia and the South Sandwich Islands(UK)
BR2029,Volkswagen Motors,South Ossetia
BR2039,Volkswagen do Brasil Motors,South Sudan
BR2049,Volkswagen South Africa Motors,Spain
BR2059,Volvo Motors,Sri Lanka
BR2069,Westfield Motors,Sudan
BR2079,Wiesmann Motors,Suriname
BR2089,Zastava Motors,SvalbardandJan Mayen(Norway)
BR2099,ZAZ Motors,Sweden
BR2109,ZIL Motors,Switzerland
BR2119,Audi Motors,Syria
BR2129,DKW Motors,Taiwan
BR2139,Horch Motors,Tajikistan
BR2149,Wanderer Motors,Tanzania
BR2159,Maybach  Motors,Thailand
BR2169,Izh  Motors,Togo
BR2179,Lagonda  Motors,Tokelau(New Zealand)
BR2189,MG  Motors,Tonga
BR2199,Morris  Motors,Transnistria(Moldova)
BR2209,Austin  Motors,Trinidad and Tobago
BR2219,Riley  Motors,Tunisia
BR2229,Wolseley  Motors,Turkey
BR2239,Standard  Motors,Turkmenistan
BR2249,Talbot  Motors,Turks and Caicos Islands(UK)
BR2259,Das Motors,Tuvalu
BR2269,Ramani Motors,Uganda
BR2279,Deccan Motors,Ukraine
BR2289,Herald Motors,United Arab Emirates
BR2299,Zion Automobils,United Kingdom
BR2309,Atlantic Motor Company,United States of America
BR2319,2008 NRHP-listed,Uruguay
BR2329,Blankinship Motor Company Building,Uzbekistan
BR2339,Bohn Motor Company Automobile Dealership,Vanuatu
BR2349,Buick Automobile Company Building,Vatican City
BR2359,Cadillac Automobile Company Building,Venezuela
BR2369,Casa de cadillac,Vietnam
BR2379,Cass Motor Sales,"Virgin Islands, British(UK)"
BR2389,Claremore Auto Dealership,"Virgin Islands, United States(US)"
BR2399,Clemens Automobile Company Building,Wallis and Futuna(France)
BR2409,Colman Automotive Building,Western Sahara
BR2419,H Street Playhouse,Yemen
BR2429,Howard Motor Company Building,Zambia
BR2439,Hupmobile Building,Zimbabwe
BR2449,Jennings Ford Automobile Dealership,Nepal
BR2459,Jones Motor Company,United States of America
BR2469,Kindel Building,United States of America
BR0010,AC Cars Motors,Afghanistan
BR0020,Acura Motors,Akrotiri and Dhekelia(UK)
BR0030,Aixam-Mega (including Arola) Motors,Åland Islands(Finland)
BR0040,Alfa Romeo Motors,Albania
BR0050,Alpine Motors,Algeria
BR0060,Alvis Motors,American Samoa(US)
BR0070,"AMC, Eagle Motors",Andorra
BR0080,Anadol Motors,Angola
BR0090,Ariel Motors,Anguilla(UK)
BR0100,ARO Motors,Antigua and Barbuda
BR0110,Artega Motors,Argentina
BR0120,Asia Motors Motors,Armenia
BR0130,Aston Martin Motors,Artsakh
BR0140,Audi Motors,Aruba(Netherlands)
BR0150,Autobianchi Motors,Australia
BR0160,Auto-Union Motors,Austria
BR0170,Auverland Motors,Azerbaijan
BR0180,Bentley Motors,Bahamas
BR0190,Bitter Motors,Bahrain
BR0200,BMW Motors,Bangladesh
BR0210,Bond Motors,Barbados
BR0220,Borgward (including Goliath and Lloyd) Motors,Belarus
BR0230,Bristol Motors,Belgium
BR0240,British Leyland Motors,Belize
BR0250,Austin-Healey Motors,Benin
BR0260,"Austin, Rover Motors",Bermuda(UK)
BR0270,Bugatti Motors,Bhutan
BR0280,Buick Motors,Bolivia
BR0290,Bytom Motors,Bosnia and Herzegovina
BR0300,Cadillac Motors,Botswana
BR0310,Caterham Motors,Brazil
BR0320,Checker Motors,Brunei
BR0330,Chevrolet Motors,Bulgaria
BR0340,Chevrolet India Motors,Burkina Faso
BR0350,Chrysler Motors,Burundi
BR0360,Chrysler Europe Motors,Cambodia
BR0370,Citroën Motors,Cameroon
BR0380,Cizeta-Moroder Motors,Canada
BR0390,Dacia Motors,Cape Verde
BR0400,"Daewoo, Saehan, Chevrolet Korea Motors",Cayman Islands(UK)
BR0410,DAF Motors,Central African Republic
BR0420,Daihatsu Motors,Chad
BR0430,Daimler Motors,Chile
BR0440,Datsun Motors,"China, People's Republic of"
BR0450,Delahaye Motors,Christmas Island(Australia)
BR0460,DeLorean Motors,Cocos (Keeling) Islands(Australia)
BR0470,DeSoto Motors,Colombia
BR0480,De Tomaso Motors,Comoros
BR0490,Dodge Motors,"Congo, Democratic Republic of the"
BR0500,Donkervoort Motors,"Congo, Republic of the"
BR0510,Edsel Motors,Cook Islands(New Zealand)
BR0520,e.GO Mobile Motors,Costa Rica
BR0530,Eicher Polaris Motors,Côte d'Ivoire
BR0540,Elva Motors,Croatia
BR0550,Facel Vega Motors,Cuba
BR0560,Ferrari Motors,Curaçao(Netherlands)
BR0570,Fiat Motors,Cyprus
BR0580,Fiat do Brasil Motors,Czech Republic
BR0590,Fiat India Motors,Denmark
BR0600,"Fisker, Karma Motors",Djibouti
BR0610,Ford America Motors,Dominica
BR0620,Ford Australia Motors,Dominican Republic
BR0630,Ford do Brasil Motors,East Timor
BR0640,Ford Europe Motors,Ecuador
BR0650,Ford India Motors,Egypt
BR0660,Freightliner Motors,El Salvador
BR0670,FSO Motors,Equatorial Guinea
BR0680,GAZ Motors,Eritrea
BR0690,Geo Motors,Estonia
BR0700,Gilbern Motors,Eswatini
BR0710,Ginetta Motors,Ethiopia
BR0720,Glas Motors,Falkland Islands(UK)
BR0730,GMC Motors,Faroe Islands(Denmark)
BR0740,GTA Spano Motors,Fiji
BR0750,Gumpert Motors,Finland
BR0760,Healey Motors,France
BR0770,Heinkel Motors,French Guiana(France)
BR0780,Hennessey Motors,French Polynesia(France)
BR0790,Hillman Motors,Gabon
BR0800,Hindustan Motors,"Gambia, The"
BR0810,Holden Motors,Georgia
BR0820,Honda Motors,Germany
BR0830,Honda India Motors,Ghana
BR0840,Hudson Motors,Gibraltar(UK)
BR0850,Humber Motors,Greece
BR0860,Hummer Motors,Greenland(Denmark)
BR0870,Hyundai Motors,Grenada
BR0880,"IFA (including Trabant, Wartburg, Barkas) Motors",Guam(US)
BR0890,Infiniti Motors,Guatemala
BR0900,Innocenti Motors,Guernsey(UK)
BR0910,Invicta Motors,Guinea
BR0920,Isdera Motors,Guinea-Bissau
BR0930,Iso Motors,Guyana
BR0940,Isotta Fraschini Motors,Haiti
BR0950,Isuzu Motors,Honduras
BR0960,Iveco Motors,Hungary
BR0970,Jaguar Motors,Iceland
BR0980,Jeep Motors,India
BR0990,Jensen Motors,Indonesia
BR1000,JPX Motors,Iran
BR1010,Kia Motors,Iraq
BR1020,Koenigsegg Motors,Ireland
BR1030,KTM Motors,Isle of Man(UK)
BR1040,Lada Motors,Israel
BR1050,Lamborghini Motors,Italy
BR1060,Lancia Motors,Jamaica
BR1070,Land Rover Motors,Japan
BR1080,Lexus Motors,Jersey(UK)
BR1090,Ligier Motors,Jordan
BR1100,Lincoln Motors,Kazakhstan
BR1110,Lotus Motors,Kenya
BR1120,LTI Motors,Kiribati
BR1130,LuAZ Motors,"Korea, North"
BR1140,Lynx Motors,"Korea, South"
BR1150,Mahindra Motors,Kosovo
BR1160,Marcos Motors,Kuwait
BR1170,Marlin Motors,Kyrgyzstan
BR1180,Maruti Motors,Laos
BR1190,Maserati Motors,Latvia
BR1200,Mastretta Motors,Lebanon
BR1210,"Matra (including Deutsch-Bonnet, René Bonnet) Motors",Lesotho
BR1220,Mazda Motors,Liberia
BR1230,Mazzanti Motors,Libya
BR1240,McLaren Motors,Liechtenstein
BR1250,Mercedes-Benz (including Maybach) Motors,Lithuania
BR1260,Mercury Motors,Luxembourg
BR1270,Merkur Motors,Madagascar
BR1280,Messerschmitt Motors,Malawi
BR1290,Mia Motors,Malaysia
BR1300,Micro Motors,Maldives
BR1310,Mini Motors,Mali
BR1320,Mitsubishi Motors,Malta
BR1330,Monica Motors,Marshall Islands
BR1340,Monteverdi Motors,Mauritania
BR1350,Morgan Motors,Mauritius
BR1360,Moskwitch Motors,Mayotte(France)
BR1370,Nash Motors,Mexico
BR1380,Naza Motors,Federated States of Micronesia
BR1390,Nissan Motors,Moldova
BR1400,Nissan India Motors,Monaco
BR1410,Noble Motors,Mongolia
BR1420,NSU Motors,Montenegro
BR1430,Oldsmobile Motors,Montserrat(UK)
BR1440,Oltcit Motors,Morocco
BR1450,Opel Motors,Mozambique
BR1460,Packard Motors,Myanmar
BR1470,Pagani Motors,Namibia
BR1480,Panhard Motors,Nauru
BR1490,Panoz Motors,Nepal
BR1500,Panther Motors,Netherlands
BR1510,Peel Motors,New Caledonia(France)
BR1520,Perodua Motors,New Zealand
BR1530,Peugeot Motors,Nicaragua
BR1540,PGO Motors,Niger
BR1550,Piaggio Motors,Nigeria
BR1560,Plymouth Motors,Niue(New Zealand)
BR1570,Polestar Motors,Norfolk Island(Australia)
BR1580,"Pontiac, Asüna Motors",North Macedonia
BR1590,Porsche Motors,Northern Cyprus
BR1600,Premier Motors,Northern Mariana Islands(US)
BR1610,Proton Motors,Norway
BR1620,Puma Motors,Oman
BR1630,Ranger Motors,Pakistan
BR1640,Reliant Motors,Palau
BR1650,Renault Motors,State of Palestine
BR1660,Rivian Motors,Panama
BR1670,Rolls-Royce Motors,Papua New Guinea
BR1680,Saab Motors,Paraguay
BR1690,SAIC Motor Motors,Peru
BR1700,Saleen Motors,Philippines
BR1710,Samsung Motors,Pitcairn Islands(UK)
BR1720,San Motors,Poland
BR1730,Santa Matilde Motors,Portugal
BR1740,Santana Motors,Puerto Rico(US)
BR1750,Saturn Motors,Qatar
BR1760,Scion Motors,Romania
BR1770,Seat Motors,Russia
BR1780,Shelby SuperCars Motors,Rwanda
BR1790,Simca Motors,Saint Barthélemy(France)
BR1800,Simca do Brasil Motors,Saint Helena(UK)
BR1810,Singer Motors,Saint Kitts and Nevis
BR1820,Skoda Motors,Saint Lucia
BR1830,Smart Motors,Saint Martin(France)
BR1840,Spyker Motors,Saint Pierre and Miquelon(France)
BR1850,SsangYong Motors,Saint Vincent and the Grenadines
BR1860,Standard-Triumph Motors,Samoa
BR1870,Studebaker Motors,San Marino
BR1880,Subaru Motors,São Tomé and Príncipe
BR1890,Sunbeam Motors,Saudi Arabia
BR1900,Suzuki Motors,Senegal
BR1910,Tata Motors,Serbia
BR1920,Tatra Motors,Seychelles
BR1930,Tazzari Motors,Sierra Leone
BR1940,Tesla Motors,Singapore
BR1950,Tornado Motors,Sint Maarten(Netherlands)
BR1960,Toyota Motors,Slovakia
BR1970,Toyota India Motors,Slovenia
BR1980,Turner Motors,Solomon Islands
BR1990,TVR Motors,Somalia
BR2000,UAZ Motors,Somaliland
BR2010,Vauxhall Motors,South Africa
BR2020,Venturi Motors,South Georgia and the South Sandwich Islands(UK)
BR2030,Volkswagen Motors,South Ossetia
BR2040,Volkswagen do Brasil Motors,South Sudan
BR2050,Volkswagen South Africa Motors,Spain
BR2060,Volvo Motors,Sri Lanka
BR2070,Westfield Motors,Sudan
BR2080,Wiesmann Motors,Suriname
BR2090,Zastava Motors,SvalbardandJan Mayen(Norway)
BR2100,ZAZ Motors,Sweden
BR2110,ZIL Motors,Switzerland
BR2120,Audi Motors,Syria
BR2130,DKW Motors,Taiwan
BR2140,Horch Motors,Tajikistan
BR2150,Wanderer Motors,Tanzania
BR2160,Maybach  Motors,Thailand
BR2170,Izh  Motors,Togo
BR2180,Lagonda  Motors,Tokelau(New Zealand)
BR2190,MG  Motors,Tonga
BR2200,Morris  Motors,Transnistria(Moldova)
BR2210,Austin  Motors,Trinidad and Tobago
BR2220,Riley  Motors,Tunisia
BR2230,Wolseley  Motors,Turkey
BR2240,Standard  Motors,Turkmenistan
BR2250,Talbot  Motors,Turks and Caicos Islands(UK)
BR2260,Das Motors,Tuvalu
BR2270,Ramani Motors,Uganda
BR2280,Deccan Motors,Ukraine
BR2290,Herald Motors,United Arab Emirates
BR2300,Zion Automobils,United Kingdom
BR2310,Atlantic Motor Company,United States of America
BR2320,2008 NRHP-listed,Uruguay
BR2330,Blankinship Motor Company Building,Uzbekistan
BR2340,Bohn Motor Company Automobile Dealership,Vanuatu
BR2350,Buick Automobile Company Building,Vatican City
BR2360,Cadillac Automobile Company Building,Venezuela
BR2370,Casa de cadillac,Vietnam
BR2380,Cass Motor Sales,"Virgin Islands, British(UK)"
BR2390,Claremore Auto Dealership,"Virgin Islands, United States(US)"
BR2400,Clemens Automobile Company Building,Wallis and Futuna(France)
BR2410,Colman Automotive Building,Western Sahara
BR2420,H Street Playhouse,Yemen
BR2430,Howard Motor Company Building,Zambia
BR2440,Hupmobile Building,Zimbabwe
BR2450,Jennings Ford Automobile Dealership,Nepal
BR2460,Jones Motor Company,United States of America
BR2470,Kindel Building,United States of America