user_id,user_name
100,Rafa Nadal
101,John Doe
102,Jane Smith
103,Alice Brown
104,Alec Baldwin
105,Max Smith
106,Maggy Taylor
107,John Goodman
108,Mary Basman
109,Henry Good
110,Homa Nateg
111,Jay Goodman
112,George Fox
112,Roger Federer
113,Fay Donald
114,Dave Running
115,Yit Lou
116,Kun Walter
117,Alex Batman
118,Jane Fox
119,Bob Edward
120,Bob Taylor
121,Jane Williams
122,Serena Williams
123,Sam Goodman
124,Sara Goodman
125,Sam Altman
126,Alan Selman
127,Fay Persian
128,Ed Peterson
129,Sam Knuth
130,Don Knuth
131,Mary Altman
132,Betty Williams
133,Anna Simpson
134,Barb Taylor
135,Max Panosian
136,Max Walter
137,Jane Seymore
138,Mark zimmerman
139,Homa Zimmerman
140,Mo Batman
141,Mary Basmatian
142,Kevin Sun
